00000  CALLVALUE
00001  PUSH2 REV (40)
00004  JUMPI
00005  PUSH1 0x4
00007  CALLDATASIZE
00008  LT
00009  PUSH2 SHORT (45)
0000c  JUMPI
0000d  PUSH1 0x0
0000f  CALLDATALOAD
00010  PUSH1 0xe0
00012  SHR
00013  DUP1
00014  PUSH4 0xb30c0b6a
00019  EQ
0001a  PUSH2 F_HASH2 (93)
0001d  JUMPI
0001e  PUSH4 0xa9f139e7
00023  EQ
00024  PUSH2 F_FIELDS (349)
00027  JUMPI
00028  JUMPDEST  ; REV:
00029  PUSH1 0x0
0002b  DUP1
0002c  REVERT
0002d  JUMPDEST  ; SHORT:
0002e  PUSH2 RUNTIME_END (19133)
00031  CODESIZE
00032  GT
00033  PUSH2 CTOR (19165)
00036  JUMPI
00037  PUSH1 0x0
00039  DUP1
0003a  REVERT
0003b  JUMPDEST  ; E_NONCANON:
0003c  PUSH4 0x81ab7440
00041  PUSH1 0xe0
00043  SHL
00044  PUSH1 0x0
00046  MSTORE
00047  PUSH1 0x4
00049  PUSH1 0x0
0004b  REVERT
0004c  JUMPDEST  ; E_SPONGE:
0004d  PUSH4 0x85434abe
00052  PUSH1 0xe0
00054  SHL
00055  PUSH1 0x0
00057  MSTORE
00058  PUSH1 0x4
0005a  PUSH1 0x0
0005c  REVERT
0005d  JUMPDEST  ; F_HASH2:
0005e  POP
0005f  PUSH1 0x40
00061  PUSH1 0x4
00063  CALLDATASIZE
00064  SUB
00065  SLT
00066  PUSH2 REV (40)
00069  JUMPI
0006a  PUSH2 RET_HASH2 (326)
0006d  PUSH2 COMPRESS_R (17746)
00070  PUSH1 0x4
00072  CALLDATALOAD
00073  PUSH8 0xffffffffffffffff
0007c  AND
0007d  PUSH1 0x4
0007f  CALLDATALOAD
00080  PUSH1 0x40
00082  SHR
00083  PUSH8 0xffffffffffffffff
0008c  AND
0008d  PUSH1 0x4
0008f  CALLDATALOAD
00090  PUSH1 0x80
00092  SHR
00093  PUSH8 0xffffffffffffffff
0009c  AND
0009d  PUSH1 0x4
0009f  CALLDATALOAD
000a0  PUSH1 0xc0
000a2  SHR
000a3  PUSH1 0x24
000a5  CALLDATALOAD
000a6  PUSH8 0xffffffffffffffff
000af  AND
000b0  PUSH1 0x24
000b2  CALLDATALOAD
000b3  PUSH1 0x40
000b5  SHR
000b6  PUSH8 0xffffffffffffffff
000bf  AND
000c0  PUSH1 0x24
000c2  CALLDATALOAD
000c3  PUSH1 0x80
000c5  SHR
000c6  PUSH8 0xffffffffffffffff
000cf  AND
000d0  PUSH1 0x24
000d2  CALLDATALOAD
000d3  PUSH1 0xc0
000d5  SHR
000d6  PUSH8 0xffffffff00000000
000df  DUP9
000e0  GT
000e1  PUSH8 0xffffffff00000000
000ea  DUP9
000eb  GT
000ec  OR
000ed  PUSH8 0xffffffff00000000
000f6  DUP8
000f7  GT
000f8  OR
000f9  PUSH8 0xffffffff00000000
00102  DUP7
00103  GT
00104  OR
00105  PUSH8 0xffffffff00000000
0010e  DUP6
0010f  GT
00110  OR
00111  PUSH8 0xffffffff00000000
0011a  DUP5
0011b  GT
0011c  OR
0011d  PUSH8 0xffffffff00000000
00126  DUP4
00127  GT
00128  OR
00129  PUSH8 0xffffffff00000000
00132  DUP3
00133  GT
00134  OR
00135  PUSH2 E_NONCANON (59)
00138  JUMPI
00139  PUSH2 0x300   ; constant table
0013c  PUSH2 CONSTS (18365)
0013f  PUSH1 0x0
00141  CODECOPY
00142  PUSH2 PERM31 (684)
00145  JUMP
00146  JUMPDEST  ; RET_HASH2:
00147  PUSH1 0xc0
00149  SHL
0014a  SWAP1
0014b  PUSH1 0x80
0014d  SHL
0014e  OR
0014f  SWAP1
00150  PUSH1 0x40
00152  SHL
00153  OR
00154  OR
00155  PUSH1 0x0
00157  MSTORE
00158  PUSH1 0x20
0015a  PUSH1 0x0
0015c  RETURN
0015d  JUMPDEST  ; F_FIELDS:
0015e  PUSH1 0x20
00160  PUSH1 0x4
00162  CALLDATASIZE
00163  SUB
00164  SLT
00165  PUSH2 REV (40)
00168  JUMPI
00169  PUSH1 0x4
0016b  CALLDATALOAD
0016c  PUSH8 0xffffffffffffffff
00175  DUP2
00176  GT
00177  PUSH2 REV (40)
0017a  JUMPI
0017b  PUSH1 0x4
0017d  ADD
0017e  CALLDATASIZE
0017f  PUSH1 0x1f
00181  DUP3
00182  ADD
00183  SLT
00184  ISZERO
00185  PUSH2 REV (40)
00188  JUMPI
00189  DUP1
0018a  CALLDATALOAD
0018b  PUSH8 0xffffffffffffffff
00194  DUP2
00195  GT
00196  PUSH2 REV (40)
00199  JUMPI
0019a  SWAP1
0019b  PUSH1 0x20
0019d  ADD
0019e  CALLDATASIZE
0019f  PUSH1 0x20
001a1  DUP4
001a2  MUL
001a3  DUP3
001a4  ADD
001a5  GT
001a6  PUSH2 REV (40)
001a9  JUMPI
001aa  PUSH1 0x4
001ac  DUP3
001ad  EQ
001ae  ISZERO
001af  PUSH2 E_SPONGE (76)
001b2  JUMPI
001b3  PUSH2 RET_FIELDS (527)
001b6  DUP2
001b7  CALLDATALOAD
001b8  DUP3
001b9  PUSH1 0x20
001bb  ADD
001bc  CALLDATALOAD
001bd  DUP4
001be  PUSH1 0x40
001c0  ADD
001c1  CALLDATALOAD
001c2  DUP5
001c3  PUSH1 0x60
001c5  ADD
001c6  CALLDATALOAD
001c7  PUSH8 0xffffffff00000000
001d0  DUP5
001d1  GT
001d2  PUSH8 0xffffffff00000000
001db  DUP5
001dc  GT
001dd  OR
001de  PUSH8 0xffffffff00000000
001e7  DUP4
001e8  GT
001e9  OR
001ea  PUSH8 0xffffffff00000000
001f3  DUP3
001f4  GT
001f5  OR
001f6  PUSH2 E_NONCANON (59)
001f9  JUMPI
001fa  PUSH1 0x0
001fc  PUSH1 0x0
001fe  PUSH1 0x0
00200  PUSH1 0x0
00202  PUSH2 0x300   ; constant table
00205  PUSH2 CONSTS (18365)
00208  PUSH1 0x0
0020a  CODECOPY
0020b  PUSH2 PERM31 (684)
0020e  JUMP
0020f  JUMPDEST  ; RET_FIELDS:
00210  POP
00211  DUP2
00212  PUSH11 0xfffffffffffffffffffff
0021e  AND
0021f  PUSH8 0xffffffff00000001
00228  SWAP1
00229  PUSH8 0x22f9bb60fc568e0
00232  MULMOD
00233  DUP3
00234  PUSH1 0x54
00236  SHR
00237  PUSH11 0xfffffffffffffffffffff
00243  AND
00244  PUSH8 0xffffffff00000001
0024d  SWAP1
0024e  PUSH8 0x22f9bb60fc568e0
00257  MULMOD
00258  SWAP3
00259  PUSH1 0xa8
0025b  SHR
0025c  PUSH8 0xffffffff00000001
00265  SWAP1
00266  PUSH8 0x22f9bb60fc568e0
0026f  MULMOD
00270  SWAP2
00271  PUSH11 0xfffffffffffffffffffff
0027d  AND
0027e  PUSH8 0xffffffff00000001
00287  SWAP1
00288  PUSH8 0x22f9bb60fc568e0
00291  MULMOD
00292  SWAP1
00293  SWAP3
00294  SWAP2
00295  SWAP1
00296  PUSH1 0xc0
00298  SHL
00299  SWAP1
0029a  PUSH1 0x80
0029c  SHL
0029d  OR
0029e  SWAP1
0029f  PUSH1 0x40
002a1  SHL
002a2  OR
002a3  OR
002a4  PUSH1 0x0
002a6  MSTORE
002a7  PUSH1 0x20
002a9  PUSH1 0x0
002ab  RETURN
002ac  JUMPDEST  ; PERM31:
002ad  DUP1
002ae  DUP2
002af  MUL
002b0  PUSH8 0xffffffff00000001
002b9  SWAP1
002ba  DUP3
002bb  MULMOD
002bc  DUP1
002bd  MUL
002be  PUSH8 0xffffffff00000001
002c7  SWAP2
002c8  MULMOD
002c9  SWAP1
002ca  DUP1
002cb  DUP2
002cc  MUL
002cd  PUSH8 0xffffffff00000001
002d6  SWAP1
002d7  DUP3
002d8  MULMOD
002d9  DUP1
002da  MUL
002db  PUSH8 0xffffffff00000001
002e4  SWAP2
002e5  MULMOD
002e6  SWAP2
002e7  DUP1
002e8  DUP2
002e9  MUL
002ea  PUSH8 0xffffffff00000001
002f3  SWAP1
002f4  DUP3
002f5  MULMOD
002f6  DUP1
002f7  MUL
002f8  PUSH8 0xffffffff00000001
00301  SWAP2
00302  MULMOD
00303  SWAP3
00304  DUP1
00305  DUP2
00306  MUL
00307  PUSH8 0xffffffff00000001
00310  SWAP1
00311  DUP3
00312  MULMOD
00313  DUP1
00314  MUL
00315  PUSH8 0xffffffff00000001
0031e  SWAP2
0031f  MULMOD
00320  SWAP4
00321  DUP1
00322  DUP2
00323  MUL
00324  PUSH8 0xffffffff00000001
0032d  SWAP1
0032e  DUP3
0032f  MULMOD
00330  DUP1
00331  MUL
00332  PUSH8 0xffffffff00000001
0033b  SWAP2
0033c  MULMOD
0033d  SWAP5
0033e  DUP1
0033f  DUP2
00340  MUL
00341  PUSH8 0xffffffff00000001
0034a  SWAP1
0034b  DUP3
0034c  MULMOD
0034d  DUP1
0034e  MUL
0034f  PUSH8 0xffffffff00000001
00358  SWAP2
00359  MULMOD
0035a  SWAP6
0035b  DUP1
0035c  DUP2
0035d  MUL
0035e  PUSH8 0xffffffff00000001
00367  SWAP1
00368  DUP3
00369  MULMOD
0036a  DUP1
0036b  MUL
0036c  PUSH8 0xffffffff00000001
00375  SWAP2
00376  MULMOD
00377  SWAP7
00378  DUP1
00379  DUP2
0037a  MUL
0037b  PUSH8 0xffffffff00000001
00384  SWAP1
00385  DUP3
00386  MULMOD
00387  DUP1
00388  MUL
00389  PUSH8 0xffffffff00000001
00392  SWAP2
00393  MULMOD
00394  PUSH29 0xfa912ad4fb3ad8b000000d386a307bf96a4b1000003abf451d5b258cc4   ; round 0 group 0 init
003b2  PUSH1 0x0
003b4  MLOAD
003b5  DUP3
003b6  MUL
003b7  ADD
003b8  PUSH1 0x20
003ba  MLOAD
003bb  DUP10
003bc  MUL
003bd  ADD
003be  PUSH1 0x40
003c0  MLOAD
003c1  DUP9
003c2  MUL
003c3  ADD
003c4  PUSH1 0x60
003c6  MLOAD
003c7  DUP8
003c8  MUL
003c9  ADD
003ca  PUSH1 0x80
003cc  MLOAD
003cd  DUP7
003ce  MUL
003cf  ADD
003d0  PUSH1 0xa0
003d2  MLOAD
003d3  DUP6
003d4  MUL
003d5  ADD
003d6  PUSH1 0xc0
003d8  MLOAD
003d9  DUP5
003da  MUL
003db  ADD
003dc  PUSH1 0xe0
003de  MLOAD
003df  DUP4
003e0  MUL
003e1  ADD
003e2  SWAP8
003e3  PUSH29 0x370560371fc63e7200000c3efa22acdc01b6a000009504f5748038de84   ; round 0 group 1 init
00401  PUSH2 0x100
00404  MLOAD
00405  DUP4
00406  MUL
00407  ADD
00408  PUSH2 0x120
0040b  MLOAD
0040c  DUP3
0040d  MUL
0040e  ADD
0040f  PUSH2 0x140
00412  MLOAD
00413  DUP10
00414  MUL
00415  ADD
00416  PUSH2 0x160
00419  MLOAD
0041a  DUP9
0041b  MUL
0041c  ADD
0041d  PUSH2 0x180
00420  MLOAD
00421  DUP8
00422  MUL
00423  ADD
00424  PUSH2 0x1a0
00427  MLOAD
00428  DUP7
00429  MUL
0042a  ADD
0042b  PUSH2 0x1c0
0042e  MLOAD
0042f  DUP6
00430  MUL
00431  ADD
00432  PUSH2 0x1e0
00435  MLOAD
00436  DUP5
00437  MUL
00438  ADD
00439  SWAP8
0043a  PUSH2 0x240
0043d  MLOAD
0043e  MUL
0043f  SWAP1
00440  PUSH2 0x220
00443  MLOAD
00444  MUL
00445  ADD
00446  SWAP1
00447  PUSH2 0x200
0044a  MLOAD
0044b  MUL
0044c  ADD
0044d  SWAP1
0044e  PUSH2 0x2e0
00451  MLOAD
00452  MUL
00453  ADD
00454  SWAP1
00455  PUSH2 0x2c0
00458  MLOAD
00459  MUL
0045a  ADD
0045b  SWAP1
0045c  PUSH2 0x2a0
0045f  MLOAD
00460  MUL
00461  ADD
00462  SWAP1
00463  PUSH2 0x280
00466  MLOAD
00467  MUL
00468  ADD
00469  SWAP1
0046a  PUSH2 0x260
0046d  MLOAD
0046e  MUL
0046f  ADD
00470  PUSH19 0xc140cdd1744aeb96000005f50db8f582e1f4d   ; round 0 group 2 init
00484  ADD
00485  DUP1
00486  PUSH11 0xfffffffffffffffffffff
00492  AND
00493  DUP1
00494  DUP2
00495  MUL
00496  PUSH8 0xffffffff00000001
0049f  SWAP1
004a0  DUP3
004a1  MULMOD
004a2  DUP1
004a3  MUL
004a4  PUSH8 0xffffffff00000001
004ad  SWAP2
004ae  MULMOD
004af  SWAP1
004b0  PUSH1 0x54
004b2  SHR
004b3  DUP1
004b4  DUP2
004b5  MUL
004b6  PUSH8 0xffffffff00000001
004bf  SWAP1
004c0  DUP3
004c1  MULMOD
004c2  DUP1
004c3  MUL
004c4  PUSH8 0xffffffff00000001
004cd  SWAP2
004ce  MULMOD
004cf  DUP3
004d0  PUSH11 0xfffffffffffffffffffff
004dc  AND
004dd  DUP1
004de  DUP2
004df  MUL
004e0  PUSH8 0xffffffff00000001
004e9  SWAP1
004ea  DUP3
004eb  MULMOD
004ec  DUP1
004ed  MUL
004ee  PUSH8 0xffffffff00000001
004f7  SWAP2
004f8  MULMOD
004f9  DUP4
004fa  PUSH1 0x54
004fc  SHR
004fd  PUSH11 0xfffffffffffffffffffff
00509  AND
0050a  DUP1
0050b  DUP2
0050c  MUL
0050d  PUSH8 0xffffffff00000001
00516  SWAP1
00517  DUP3
00518  MULMOD
00519  DUP1
0051a  MUL
0051b  PUSH8 0xffffffff00000001
00524  SWAP2
00525  MULMOD
00526  SWAP4
00527  PUSH1 0xa8
00529  SHR
0052a  DUP1
0052b  DUP2
0052c  MUL
0052d  PUSH8 0xffffffff00000001
00536  SWAP1
00537  DUP3
00538  MULMOD
00539  DUP1
0053a  MUL
0053b  PUSH8 0xffffffff00000001
00544  SWAP2
00545  MULMOD
00546  DUP6
00547  PUSH11 0xfffffffffffffffffffff
00553  AND
00554  DUP1
00555  DUP2
00556  MUL
00557  PUSH8 0xffffffff00000001
00560  SWAP1
00561  DUP3
00562  MULMOD
00563  DUP1
00564  MUL
00565  PUSH8 0xffffffff00000001
0056e  SWAP2
0056f  MULMOD
00570  DUP7
00571  PUSH1 0x54
00573  SHR
00574  PUSH11 0xfffffffffffffffffffff
00580  AND
00581  DUP1
00582  DUP2
00583  MUL
00584  PUSH8 0xffffffff00000001
0058d  SWAP1
0058e  DUP3
0058f  MULMOD
00590  DUP1
00591  MUL
00592  PUSH8 0xffffffff00000001
0059b  SWAP2
0059c  MULMOD
0059d  SWAP7
0059e  PUSH1 0xa8
005a0  SHR
005a1  DUP1
005a2  DUP2
005a3  MUL
005a4  PUSH8 0xffffffff00000001
005ad  SWAP1
005ae  DUP3
005af  MULMOD
005b0  DUP1
005b1  MUL
005b2  PUSH8 0xffffffff00000001
005bb  SWAP2
005bc  MULMOD
005bd  PUSH29 0x60b4bb2e59ec8cf300000d301559c9fbf48c600000ff44df11c0371cc6   ; round 1 group 0 init
005db  PUSH1 0x0
005dd  MLOAD
005de  DUP4
005df  MUL
005e0  ADD
005e1  PUSH1 0x20
005e3  MLOAD
005e4  DUP10
005e5  MUL
005e6  ADD
005e7  PUSH1 0x40
005e9  MLOAD
005ea  DUP3
005eb  MUL
005ec  ADD
005ed  PUSH1 0x60
005ef  MLOAD
005f0  DUP6
005f1  MUL
005f2  ADD
005f3  PUSH1 0x80
005f5  MLOAD
005f6  DUP9
005f7  MUL
005f8  ADD
005f9  PUSH1 0xa0
005fb  MLOAD
005fc  DUP5
005fd  MUL
005fe  ADD
005ff  PUSH1 0xc0
00601  MLOAD
00602  DUP8
00603  MUL
00604  ADD
00605  PUSH1 0xe0
00607  MLOAD
00608  DUP7
00609  MUL
0060a  ADD
0060b  SWAP8
0060c  PUSH29 0x7ae1b792789a56320000006c569a98ece61e1000001ea915ab2387a692   ; round 1 group 1 init
0062a  PUSH2 0x100
0062d  MLOAD
0062e  DUP5
0062f  MUL
00630  ADD
00631  PUSH2 0x120
00634  MLOAD
00635  DUP3
00636  MUL
00637  ADD
00638  PUSH2 0x140
0063b  MLOAD
0063c  DUP4
0063d  MUL
0063e  ADD
0063f  PUSH2 0x160
00642  MLOAD
00643  DUP7
00644  MUL
00645  ADD
00646  PUSH2 0x180
00649  MLOAD
0064a  DUP10
0064b  MUL
0064c  ADD
0064d  PUSH2 0x1a0
00650  MLOAD
00651  DUP6
00652  MUL
00653  ADD
00654  PUSH2 0x1c0
00657  MLOAD
00658  DUP9
00659  MUL
0065a  ADD
0065b  PUSH2 0x1e0
0065e  MLOAD
0065f  DUP8
00660  MUL
00661  ADD
00662  SWAP8
00663  PUSH2 0x280
00666  MLOAD
00667  MUL
00668  SWAP1
00669  PUSH2 0x220
0066c  MLOAD
0066d  MUL
0066e  ADD
0066f  SWAP1
00670  PUSH2 0x240
00673  MLOAD
00674  MUL
00675  ADD
00676  SWAP1
00677  PUSH2 0x200
0067a  MLOAD
0067b  MUL
0067c  ADD
0067d  SWAP1
0067e  PUSH2 0x2a0
00681  MLOAD
00682  MUL
00683  ADD
00684  SWAP1
00685  PUSH2 0x260
00688  MLOAD
00689  MUL
0068a  ADD
0068b  SWAP1
0068c  PUSH2 0x2e0
0068f  MLOAD
00690  MUL
00691  ADD
00692  SWAP1
00693  PUSH2 0x2c0
00696  MLOAD
00697  MUL
00698  ADD
00699  PUSH19 0x2cc655c67058af25000008dbf0638e5e210ff   ; round 1 group 2 init
006ad  ADD
006ae  DUP1
006af  PUSH11 0xfffffffffffffffffffff
006bb  AND
006bc  DUP1
006bd  DUP2
006be  MUL
006bf  PUSH8 0xffffffff00000001
006c8  SWAP1
006c9  DUP3
006ca  MULMOD
006cb  DUP1
006cc  MUL
006cd  PUSH8 0xffffffff00000001
006d6  SWAP2
006d7  MULMOD
006d8  SWAP1
006d9  PUSH1 0x54
006db  SHR
006dc  DUP1
006dd  DUP2
006de  MUL
006df  PUSH8 0xffffffff00000001
006e8  SWAP1
006e9  DUP3
006ea  MULMOD
006eb  DUP1
006ec  MUL
006ed  PUSH8 0xffffffff00000001
006f6  SWAP2
006f7  MULMOD
006f8  DUP3
006f9  PUSH11 0xfffffffffffffffffffff
00705  AND
00706  DUP1
00707  DUP2
00708  MUL
00709  PUSH8 0xffffffff00000001
00712  SWAP1
00713  DUP3
00714  MULMOD
00715  DUP1
00716  MUL
00717  PUSH8 0xffffffff00000001
00720  SWAP2
00721  MULMOD
00722  DUP4
00723  PUSH1 0x54
00725  SHR
00726  PUSH11 0xfffffffffffffffffffff
00732  AND
00733  DUP1
00734  DUP2
00735  MUL
00736  PUSH8 0xffffffff00000001
0073f  SWAP1
00740  DUP3
00741  MULMOD
00742  DUP1
00743  MUL
00744  PUSH8 0xffffffff00000001
0074d  SWAP2
0074e  MULMOD
0074f  SWAP4
00750  PUSH1 0xa8
00752  SHR
00753  DUP1
00754  DUP2
00755  MUL
00756  PUSH8 0xffffffff00000001
0075f  SWAP1
00760  DUP3
00761  MULMOD
00762  DUP1
00763  MUL
00764  PUSH8 0xffffffff00000001
0076d  SWAP2
0076e  MULMOD
0076f  DUP6
00770  PUSH11 0xfffffffffffffffffffff
0077c  AND
0077d  DUP1
0077e  DUP2
0077f  MUL
00780  PUSH8 0xffffffff00000001
00789  SWAP1
0078a  DUP3
0078b  MULMOD
0078c  DUP1
0078d  MUL
0078e  PUSH8 0xffffffff00000001
00797  SWAP2
00798  MULMOD
00799  DUP7
0079a  PUSH1 0x54
0079c  SHR
0079d  PUSH11 0xfffffffffffffffffffff
007a9  AND
007aa  DUP1
007ab  DUP2
007ac  MUL
007ad  PUSH8 0xffffffff00000001
007b6  SWAP1
007b7  DUP3
007b8  MULMOD
007b9  DUP1
007ba  MUL
007bb  PUSH8 0xffffffff00000001
007c4  SWAP2
007c5  MULMOD
007c6  SWAP7
007c7  PUSH1 0xa8
007c9  SHR
007ca  DUP1
007cb  DUP2
007cc  MUL
007cd  PUSH8 0xffffffff00000001
007d6  SWAP1
007d7  DUP3
007d8  MULMOD
007d9  DUP1
007da  MUL
007db  PUSH8 0xffffffff00000001
007e4  SWAP2
007e5  MULMOD
007e6  PUSH29 0xae357f0b659c6f38000001c0a84b3b934450900000db76ef2d23e8a5ea   ; round 2 group 0 init
00804  PUSH1 0x0
00806  MLOAD
00807  DUP4
00808  MUL
00809  ADD
0080a  PUSH1 0x20
0080c  MLOAD
0080d  DUP10
0080e  MUL
0080f  ADD
00810  PUSH1 0x40
00812  MLOAD
00813  DUP3
00814  MUL
00815  ADD
00816  PUSH1 0x60
00818  MLOAD
00819  DUP6
0081a  MUL
0081b  ADD
0081c  PUSH1 0x80
0081e  MLOAD
0081f  DUP9
00820  MUL
00821  ADD
00822  PUSH1 0xa0
00824  MLOAD
00825  DUP5
00826  MUL
00827  ADD
00828  PUSH1 0xc0
0082a  MLOAD
0082b  DUP8
0082c  MUL
0082d  ADD
0082e  PUSH1 0xe0
00830  MLOAD
00831  DUP7
00832  MUL
00833  ADD
00834  SWAP8
00835  PUSH29 0xc5d59bafddec2bf60000051299e3788e48c12000008018222cd6583289   ; round 2 group 1 init
00853  PUSH2 0x100
00856  MLOAD
00857  DUP5
00858  MUL
00859  ADD
0085a  PUSH2 0x120
0085d  MLOAD
0085e  DUP3
0085f  MUL
00860  ADD
00861  PUSH2 0x140
00864  MLOAD
00865  DUP4
00866  MUL
00867  ADD
00868  PUSH2 0x160
0086b  MLOAD
0086c  DUP7
0086d  MUL
0086e  ADD
0086f  PUSH2 0x180
00872  MLOAD
00873  DUP10
00874  MUL
00875  ADD
00876  PUSH2 0x1a0
00879  MLOAD
0087a  DUP6
0087b  MUL
0087c  ADD
0087d  PUSH2 0x1c0
00880  MLOAD
00881  DUP9
00882  MUL
00883  ADD
00884  PUSH2 0x1e0
00887  MLOAD
00888  DUP8
00889  MUL
0088a  ADD
0088b  SWAP8
0088c  PUSH2 0x280
0088f  MLOAD
00890  MUL
00891  SWAP1
00892  PUSH2 0x220
00895  MLOAD
00896  MUL
00897  ADD
00898  SWAP1
00899  PUSH2 0x240
0089c  MLOAD
0089d  MUL
0089e  ADD
0089f  SWAP1
008a0  PUSH2 0x200
008a3  MLOAD
008a4  MUL
008a5  ADD
008a6  SWAP1
008a7  PUSH2 0x2a0
008aa  MLOAD
008ab  MUL
008ac  ADD
008ad  SWAP1
008ae  PUSH2 0x260
008b1  MLOAD
008b2  MUL
008b3  ADD
008b4  SWAP1
008b5  PUSH2 0x2e0
008b8  MLOAD
008b9  MUL
008ba  ADD
008bb  SWAP1
008bc  PUSH2 0x2c0
008bf  MLOAD
008c0  MUL
008c1  ADD
008c2  PUSH19 0x25ab07ffd5c4f120000008f55cece60178e67   ; round 2 group 2 init
008d6  ADD
008d7  DUP1
008d8  PUSH11 0xfffffffffffffffffffff
008e4  AND
008e5  DUP1
008e6  DUP2
008e7  MUL
008e8  PUSH8 0xffffffff00000001
008f1  SWAP1
008f2  DUP3
008f3  MULMOD
008f4  DUP1
008f5  MUL
008f6  PUSH8 0xffffffff00000001
008ff  SWAP2
00900  MULMOD
00901  SWAP1
00902  PUSH1 0x54
00904  SHR
00905  DUP1
00906  DUP2
00907  MUL
00908  PUSH8 0xffffffff00000001
00911  SWAP1
00912  DUP3
00913  MULMOD
00914  DUP1
00915  MUL
00916  PUSH8 0xffffffff00000001
0091f  SWAP2
00920  MULMOD
00921  DUP3
00922  PUSH11 0xfffffffffffffffffffff
0092e  AND
0092f  DUP1
00930  DUP2
00931  MUL
00932  PUSH8 0xffffffff00000001
0093b  SWAP1
0093c  DUP3
0093d  MULMOD
0093e  DUP1
0093f  MUL
00940  PUSH8 0xffffffff00000001
00949  SWAP2
0094a  MULMOD
0094b  DUP4
0094c  PUSH1 0x54
0094e  SHR
0094f  PUSH11 0xfffffffffffffffffffff
0095b  AND
0095c  DUP1
0095d  DUP2
0095e  MUL
0095f  PUSH8 0xffffffff00000001
00968  SWAP1
00969  DUP3
0096a  MULMOD
0096b  DUP1
0096c  MUL
0096d  PUSH8 0xffffffff00000001
00976  SWAP2
00977  MULMOD
00978  SWAP4
00979  PUSH1 0xa8
0097b  SHR
0097c  DUP1
0097d  DUP2
0097e  MUL
0097f  PUSH8 0xffffffff00000001
00988  SWAP1
00989  DUP3
0098a  MULMOD
0098b  DUP1
0098c  MUL
0098d  PUSH8 0xffffffff00000001
00996  SWAP2
00997  MULMOD
00998  DUP6
00999  PUSH11 0xfffffffffffffffffffff
009a5  AND
009a6  DUP1
009a7  DUP2
009a8  MUL
009a9  PUSH8 0xffffffff00000001
009b2  SWAP1
009b3  DUP3
009b4  MULMOD
009b5  DUP1
009b6  MUL
009b7  PUSH8 0xffffffff00000001
009c0  SWAP2
009c1  MULMOD
009c2  DUP7
009c3  PUSH1 0x54
009c5  SHR
009c6  PUSH11 0xfffffffffffffffffffff
009d2  AND
009d3  DUP1
009d4  DUP2
009d5  MUL
009d6  PUSH8 0xffffffff00000001
009df  SWAP1
009e0  DUP3
009e1  MULMOD
009e2  DUP1
009e3  MUL
009e4  PUSH8 0xffffffff00000001
009ed  SWAP2
009ee  MULMOD
009ef  SWAP7
009f0  PUSH1 0xa8
009f2  SHR
009f3  DUP1
009f4  DUP2
009f5  MUL
009f6  PUSH8 0xffffffff00000001
009ff  SWAP1
00a00  DUP3
00a01  MULMOD
00a02  DUP1
00a03  MUL
00a04  PUSH8 0xffffffff00000001
00a0d  SWAP2
00a0e  MULMOD
00a0f  PUSH29 0xd53365706bda9f1c0000077317a86fe4cdb4f000000e764533331f2f09   ; round 3 group 0 init
00a2d  PUSH1 0x0
00a2f  MLOAD
00a30  DUP4
00a31  MUL
00a32  ADD
00a33  PUSH1 0x20
00a35  MLOAD
00a36  DUP10
00a37  MUL
00a38  ADD
00a39  PUSH1 0x40
00a3b  MLOAD
00a3c  DUP3
00a3d  MUL
00a3e  ADD
00a3f  PUSH1 0x60
00a41  MLOAD
00a42  DUP6
00a43  MUL
00a44  ADD
00a45  PUSH1 0x80
00a47  MLOAD
00a48  DUP9
00a49  MUL
00a4a  ADD
00a4b  PUSH1 0xa0
00a4d  MLOAD
00a4e  DUP5
00a4f  MUL
00a50  ADD
00a51  PUSH1 0xc0
00a53  MLOAD
00a54  DUP8
00a55  MUL
00a56  ADD
00a57  PUSH1 0xe0
00a59  MLOAD
00a5a  DUP7
00a5b  MUL
00a5c  ADD
00a5d  SWAP8
00a5e  PUSH29 0x7cddfa4c8b726ea00000f022107e57241ba400000f096c807eb677e5f   ; round 3 group 1 init
00a7c  PUSH2 0x100
00a7f  MLOAD
00a80  DUP5
00a81  MUL
00a82  ADD
00a83  PUSH2 0x120
00a86  MLOAD
00a87  DUP3
00a88  MUL
00a89  ADD
00a8a  PUSH2 0x140
00a8d  MLOAD
00a8e  DUP4
00a8f  MUL
00a90  ADD
00a91  PUSH2 0x160
00a94  MLOAD
00a95  DUP7
00a96  MUL
00a97  ADD
00a98  PUSH2 0x180
00a9b  MLOAD
00a9c  DUP10
00a9d  MUL
00a9e  ADD
00a9f  PUSH2 0x1a0
00aa2  MLOAD
00aa3  DUP6
00aa4  MUL
00aa5  ADD
00aa6  PUSH2 0x1c0
00aa9  MLOAD
00aaa  DUP9
00aab  MUL
00aac  ADD
00aad  PUSH2 0x1e0
00ab0  MLOAD
00ab1  DUP8
00ab2  MUL
00ab3  ADD
00ab4  SWAP8
00ab5  PUSH2 0x280
00ab8  MLOAD
00ab9  MUL
00aba  SWAP1
00abb  PUSH2 0x220
00abe  MLOAD
00abf  MUL
00ac0  ADD
00ac1  SWAP1
00ac2  PUSH2 0x240
00ac5  MLOAD
00ac6  MUL
00ac7  ADD
00ac8  SWAP1
00ac9  PUSH2 0x200
00acc  MLOAD
00acd  MUL
00ace  ADD
00acf  SWAP1
00ad0  PUSH2 0x2a0
00ad3  MLOAD
00ad4  MUL
00ad5  ADD
00ad6  SWAP1
00ad7  PUSH2 0x260
00ada  MLOAD
00adb  MUL
00adc  ADD
00add  SWAP1
00ade  PUSH2 0x2e0
00ae1  MLOAD
00ae2  MUL
00ae3  ADD
00ae4  SWAP1
00ae5  PUSH2 0x2c0
00ae8  MLOAD
00ae9  MUL
00aea  ADD
00aeb  PUSH18 0x72192ef0be07e070000052d6d949f189ce8b   ; round 3 group 2 init
00afe  ADD
00aff  DUP1
00b00  PUSH11 0xfffffffffffffffffffff
00b0c  AND
00b0d  DUP1
00b0e  DUP2
00b0f  MUL
00b10  PUSH8 0xffffffff00000001
00b19  SWAP1
00b1a  DUP3
00b1b  MULMOD
00b1c  DUP1
00b1d  MUL
00b1e  PUSH8 0xffffffff00000001
00b27  SWAP2
00b28  MULMOD
00b29  SWAP1
00b2a  PUSH1 0x54
00b2c  SHR
00b2d  DUP1
00b2e  DUP2
00b2f  MUL
00b30  PUSH8 0xffffffff00000001
00b39  SWAP1
00b3a  DUP3
00b3b  MULMOD
00b3c  DUP1
00b3d  MUL
00b3e  PUSH8 0xffffffff00000001
00b47  SWAP2
00b48  MULMOD
00b49  DUP3
00b4a  PUSH11 0xfffffffffffffffffffff
00b56  AND
00b57  DUP1
00b58  DUP2
00b59  MUL
00b5a  PUSH8 0xffffffff00000001
00b63  SWAP1
00b64  DUP3
00b65  MULMOD
00b66  DUP1
00b67  MUL
00b68  PUSH8 0xffffffff00000001
00b71  SWAP2
00b72  MULMOD
00b73  DUP4
00b74  PUSH1 0x54
00b76  SHR
00b77  PUSH11 0xfffffffffffffffffffff
00b83  AND
00b84  DUP1
00b85  DUP2
00b86  MUL
00b87  PUSH8 0xffffffff00000001
00b90  SWAP1
00b91  DUP3
00b92  MULMOD
00b93  DUP1
00b94  MUL
00b95  PUSH8 0xffffffff00000001
00b9e  SWAP2
00b9f  MULMOD
00ba0  SWAP4
00ba1  PUSH1 0xa8
00ba3  SHR
00ba4  DUP1
00ba5  DUP2
00ba6  MUL
00ba7  PUSH8 0xffffffff00000001
00bb0  SWAP1
00bb1  DUP3
00bb2  MULMOD
00bb3  DUP1
00bb4  MUL
00bb5  PUSH8 0xffffffff00000001
00bbe  SWAP2
00bbf  MULMOD
00bc0  DUP6
00bc1  PUSH11 0xfffffffffffffffffffff
00bcd  AND
00bce  DUP1
00bcf  DUP2
00bd0  MUL
00bd1  PUSH8 0xffffffff00000001
00bda  SWAP1
00bdb  DUP3
00bdc  MULMOD
00bdd  DUP1
00bde  MUL
00bdf  PUSH8 0xffffffff00000001
00be8  SWAP2
00be9  MULMOD
00bea  DUP7
00beb  PUSH1 0x54
00bed  SHR
00bee  PUSH11 0xfffffffffffffffffffff
00bfa  AND
00bfb  DUP1
00bfc  DUP2
00bfd  MUL
00bfe  PUSH8 0xffffffff00000001
00c07  SWAP1
00c08  DUP3
00c09  MULMOD
00c0a  DUP1
00c0b  MUL
00c0c  PUSH8 0xffffffff00000001
00c15  SWAP2
00c16  MULMOD
00c17  SWAP7
00c18  PUSH1 0xa8
00c1a  SHR
00c1b  DUP1
00c1c  DUP2
00c1d  MUL
00c1e  PUSH8 0xffffffff00000001
00c27  SWAP1
00c28  DUP3
00c29  MULMOD
00c2a  DUP1
00c2b  MUL
00c2c  PUSH8 0xffffffff00000001
00c35  SWAP2
00c36  MULMOD
00c37  PUSH29 0xe4c402679d893c8500000df1cb9abb9a9df35000003d0464794b5a971a   ; round 4 group 0 init
00c55  PUSH1 0x0
00c57  MLOAD
00c58  DUP4
00c59  MUL
00c5a  ADD
00c5b  PUSH1 0x20
00c5d  MLOAD
00c5e  DUP10
00c5f  MUL
00c60  ADD
00c61  PUSH1 0x40
00c63  MLOAD
00c64  DUP3
00c65  MUL
00c66  ADD
00c67  PUSH1 0x60
00c69  MLOAD
00c6a  DUP6
00c6b  MUL
00c6c  ADD
00c6d  PUSH1 0x80
00c6f  MLOAD
00c70  DUP9
00c71  MUL
00c72  ADD
00c73  PUSH1 0xa0
00c75  MLOAD
00c76  DUP5
00c77  MUL
00c78  ADD
00c79  PUSH1 0xc0
00c7b  MLOAD
00c7c  DUP8
00c7d  MUL
00c7e  ADD
00c7f  PUSH1 0xe0
00c81  MLOAD
00c82  DUP7
00c83  MUL
00c84  ADD
00c85  SWAP8
00c86  PUSH29 0xf00f7f1e63edf6ff0000082696a122f73f1fb00000962d3d21dd9208cf   ; round 4 group 1 init
00ca4  PUSH2 0x100
00ca7  MLOAD
00ca8  DUP5
00ca9  MUL
00caa  ADD
00cab  PUSH2 0x120
00cae  MLOAD
00caf  DUP3
00cb0  MUL
00cb1  ADD
00cb2  PUSH2 0x140
00cb5  MLOAD
00cb6  DUP4
00cb7  MUL
00cb8  ADD
00cb9  PUSH2 0x160
00cbc  MLOAD
00cbd  DUP7
00cbe  MUL
00cbf  ADD
00cc0  PUSH2 0x180
00cc3  MLOAD
00cc4  DUP10
00cc5  MUL
00cc6  ADD
00cc7  PUSH2 0x1a0
00cca  MLOAD
00ccb  DUP6
00ccc  MUL
00ccd  ADD
00cce  PUSH2 0x1c0
00cd1  MLOAD
00cd2  DUP9
00cd3  MUL
00cd4  ADD
00cd5  PUSH2 0x1e0
00cd8  MLOAD
00cd9  DUP8
00cda  MUL
00cdb  ADD
00cdc  SWAP8
00cdd  PUSH2 0x280
00ce0  MLOAD
00ce1  MUL
00ce2  SWAP1
00ce3  PUSH2 0x220
00ce6  MLOAD
00ce7  MUL
00ce8  ADD
00ce9  SWAP1
00cea  PUSH2 0x240
00ced  MLOAD
00cee  MUL
00cef  ADD
00cf0  SWAP1
00cf1  PUSH2 0x200
00cf4  MLOAD
00cf5  MUL
00cf6  ADD
00cf7  SWAP1
00cf8  PUSH2 0x2a0
00cfb  MLOAD
00cfc  MUL
00cfd  ADD
00cfe  SWAP1
00cff  PUSH2 0x260
00d02  MLOAD
00d03  MUL
00d04  ADD
00d05  SWAP1
00d06  PUSH2 0x2e0
00d09  MLOAD
00d0a  MUL
00d0b  ADD
00d0c  SWAP1
00d0d  PUSH2 0x2c0
00d10  MLOAD
00d11  MUL
00d12  ADD
00d13  PUSH19 0x147366b18c096dd400000d8d580877020a081   ; round 4 group 2 init
00d27  ADD
00d28  DUP1
00d29  PUSH11 0xfffffffffffffffffffff
00d35  AND
00d36  DUP1
00d37  DUP2
00d38  MUL
00d39  PUSH8 0xffffffff00000001
00d42  SWAP1
00d43  DUP3
00d44  MULMOD
00d45  DUP1
00d46  MUL
00d47  PUSH8 0xffffffff00000001
00d50  SWAP2
00d51  MULMOD
00d52  SWAP1
00d53  PUSH1 0x54
00d55  SHR
00d56  DUP1
00d57  DUP2
00d58  MUL
00d59  PUSH8 0xffffffff00000001
00d62  SWAP1
00d63  DUP3
00d64  MULMOD
00d65  DUP1
00d66  MUL
00d67  PUSH8 0xffffffff00000001
00d70  SWAP2
00d71  MULMOD
00d72  DUP3
00d73  PUSH11 0xfffffffffffffffffffff
00d7f  AND
00d80  DUP1
00d81  DUP2
00d82  MUL
00d83  PUSH8 0xffffffff00000001
00d8c  SWAP1
00d8d  DUP3
00d8e  MULMOD
00d8f  DUP1
00d90  MUL
00d91  PUSH8 0xffffffff00000001
00d9a  SWAP2
00d9b  MULMOD
00d9c  DUP4
00d9d  PUSH1 0x54
00d9f  SHR
00da0  PUSH11 0xfffffffffffffffffffff
00dac  AND
00dad  DUP1
00dae  DUP2
00daf  MUL
00db0  PUSH8 0xffffffff00000001
00db9  SWAP1
00dba  DUP3
00dbb  MULMOD
00dbc  DUP1
00dbd  MUL
00dbe  PUSH8 0xffffffff00000001
00dc7  SWAP2
00dc8  MULMOD
00dc9  SWAP4
00dca  PUSH1 0xa8
00dcc  SHR
00dcd  DUP1
00dce  DUP2
00dcf  MUL
00dd0  PUSH8 0xffffffff00000001
00dd9  SWAP1
00dda  DUP3
00ddb  MULMOD
00ddc  DUP1
00ddd  MUL
00dde  PUSH8 0xffffffff00000001
00de7  SWAP2
00de8  MULMOD
00de9  DUP6
00dea  PUSH11 0xfffffffffffffffffffff
00df6  AND
00df7  DUP1
00df8  DUP2
00df9  MUL
00dfa  PUSH8 0xffffffff00000001
00e03  SWAP1
00e04  DUP3
00e05  MULMOD
00e06  DUP1
00e07  MUL
00e08  PUSH8 0xffffffff00000001
00e11  SWAP2
00e12  MULMOD
00e13  DUP7
00e14  PUSH1 0x54
00e16  SHR
00e17  PUSH11 0xfffffffffffffffffffff
00e23  AND
00e24  DUP1
00e25  DUP2
00e26  MUL
00e27  PUSH8 0xffffffff00000001
00e30  SWAP1
00e31  DUP3
00e32  MULMOD
00e33  DUP1
00e34  MUL
00e35  PUSH8 0xffffffff00000001
00e3e  SWAP2
00e3f  MULMOD
00e40  SWAP7
00e41  PUSH1 0xa8
00e43  SHR
00e44  DUP1
00e45  DUP2
00e46  MUL
00e47  PUSH8 0xffffffff00000001
00e50  SWAP1
00e51  DUP3
00e52  MULMOD
00e53  DUP1
00e54  MUL
00e55  PUSH8 0xffffffff00000001
00e5e  SWAP2
00e5f  MULMOD
00e60  PUSH29 0x806d1a7bbff049af00000aec68a89fd65167800000873f087caf2ce0a4   ; round 5 group 0 init
00e7e  PUSH1 0x0
00e80  MLOAD
00e81  DUP4
00e82  MUL
00e83  ADD
00e84  PUSH1 0x20
00e86  MLOAD
00e87  DUP10
00e88  MUL
00e89  ADD
00e8a  PUSH1 0x40
00e8c  MLOAD
00e8d  DUP3
00e8e  MUL
00e8f  ADD
00e90  PUSH1 0x60
00e92  MLOAD
00e93  DUP6
00e94  MUL
00e95  ADD
00e96  PUSH1 0x80
00e98  MLOAD
00e99  DUP9
00e9a  MUL
00e9b  ADD
00e9c  PUSH1 0xa0
00e9e  MLOAD
00e9f  DUP5
00ea0  MUL
00ea1  ADD
00ea2  PUSH1 0xc0
00ea4  MLOAD
00ea5  DUP8
00ea6  MUL
00ea7  ADD
00ea8  PUSH1 0xe0
00eaa  MLOAD
00eab  DUP7
00eac  MUL
00ead  ADD
00eae  SWAP8
00eaf  PUSH29 0xde1e2a7bfbda55bb000001c804ab65af7137500000099d1b230bc6f0bd   ; round 5 group 1 init
00ecd  PUSH2 0x100
00ed0  MLOAD
00ed1  DUP5
00ed2  MUL
00ed3  ADD
00ed4  PUSH2 0x120
00ed7  MLOAD
00ed8  DUP3
00ed9  MUL
00eda  ADD
00edb  PUSH2 0x140
00ede  MLOAD
00edf  DUP4
00ee0  MUL
00ee1  ADD
00ee2  PUSH2 0x160
00ee5  MLOAD
00ee6  DUP7
00ee7  MUL
00ee8  ADD
00ee9  PUSH2 0x180
00eec  MLOAD
00eed  DUP10
00eee  MUL
00eef  ADD
00ef0  PUSH2 0x1a0
00ef3  MLOAD
00ef4  DUP6
00ef5  MUL
00ef6  ADD
00ef7  PUSH2 0x1c0
00efa  MLOAD
00efb  DUP9
00efc  MUL
00efd  ADD
00efe  PUSH2 0x1e0
00f01  MLOAD
00f02  DUP8
00f03  MUL
00f04  ADD
00f05  SWAP8
00f06  PUSH2 0x280
00f09  MLOAD
00f0a  MUL
00f0b  SWAP1
00f0c  PUSH2 0x220
00f0f  MLOAD
00f10  MUL
00f11  ADD
00f12  SWAP1
00f13  PUSH2 0x240
00f16  MLOAD
00f17  MUL
00f18  ADD
00f19  SWAP1
00f1a  PUSH2 0x200
00f1d  MLOAD
00f1e  MUL
00f1f  ADD
00f20  SWAP1
00f21  PUSH2 0x2a0
00f24  MLOAD
00f25  MUL
00f26  ADD
00f27  SWAP1
00f28  PUSH2 0x260
00f2b  MLOAD
00f2c  MUL
00f2d  ADD
00f2e  SWAP1
00f2f  PUSH2 0x2e0
00f32  MLOAD
00f33  MUL
00f34  ADD
00f35  SWAP1
00f36  PUSH2 0x2c0
00f39  MLOAD
00f3a  MUL
00f3b  ADD
00f3c  PUSH18 0x877c0b0594dc99e0000026471f3359eee243   ; round 5 group 2 init
00f4f  ADD
00f50  DUP1
00f51  PUSH11 0xfffffffffffffffffffff
00f5d  AND
00f5e  DUP1
00f5f  DUP2
00f60  MUL
00f61  PUSH8 0xffffffff00000001
00f6a  SWAP1
00f6b  DUP3
00f6c  MULMOD
00f6d  DUP1
00f6e  MUL
00f6f  PUSH8 0xffffffff00000001
00f78  SWAP2
00f79  MULMOD
00f7a  SWAP1
00f7b  PUSH1 0x54
00f7d  SHR
00f7e  DUP1
00f7f  DUP2
00f80  MUL
00f81  PUSH8 0xffffffff00000001
00f8a  SWAP1
00f8b  DUP3
00f8c  MULMOD
00f8d  DUP1
00f8e  MUL
00f8f  PUSH8 0xffffffff00000001
00f98  SWAP2
00f99  MULMOD
00f9a  DUP3
00f9b  PUSH11 0xfffffffffffffffffffff
00fa7  AND
00fa8  DUP1
00fa9  DUP2
00faa  MUL
00fab  PUSH8 0xffffffff00000001
00fb4  SWAP1
00fb5  DUP3
00fb6  MULMOD
00fb7  DUP1
00fb8  MUL
00fb9  PUSH8 0xffffffff00000001
00fc2  SWAP2
00fc3  MULMOD
00fc4  DUP4
00fc5  PUSH1 0x54
00fc7  SHR
00fc8  PUSH11 0xfffffffffffffffffffff
00fd4  AND
00fd5  DUP1
00fd6  DUP2
00fd7  MUL
00fd8  PUSH8 0xffffffff00000001
00fe1  SWAP1
00fe2  DUP3
00fe3  MULMOD
00fe4  DUP1
00fe5  MUL
00fe6  PUSH8 0xffffffff00000001
00fef  SWAP2
00ff0  MULMOD
00ff1  SWAP4
00ff2  PUSH1 0xa8
00ff4  SHR
00ff5  DUP1
00ff6  DUP2
00ff7  MUL
00ff8  PUSH8 0xffffffff00000001
01001  SWAP1
01002  DUP3
01003  MULMOD
01004  DUP1
01005  MUL
01006  PUSH8 0xffffffff00000001
0100f  SWAP2
01010  MULMOD
01011  DUP6
01012  PUSH11 0xfffffffffffffffffffff
0101e  AND
0101f  DUP1
01020  DUP2
01021  MUL
01022  PUSH8 0xffffffff00000001
0102b  SWAP1
0102c  DUP3
0102d  MULMOD
0102e  DUP1
0102f  MUL
01030  PUSH8 0xffffffff00000001
01039  SWAP2
0103a  MULMOD
0103b  DUP7
0103c  PUSH1 0x54
0103e  SHR
0103f  PUSH11 0xfffffffffffffffffffff
0104b  AND
0104c  DUP1
0104d  DUP2
0104e  MUL
0104f  PUSH8 0xffffffff00000001
01058  SWAP1
01059  DUP3
0105a  MULMOD
0105b  DUP1
0105c  MUL
0105d  PUSH8 0xffffffff00000001
01066  SWAP2
01067  MULMOD
01068  SWAP7
01069  PUSH1 0xa8
0106b  SHR
0106c  DUP1
0106d  DUP2
0106e  MUL
0106f  PUSH8 0xffffffff00000001
01078  SWAP1
01079  DUP3
0107a  MULMOD
0107b  DUP1
0107c  MUL
0107d  PUSH8 0xffffffff00000001
01086  SWAP2
01087  MULMOD
01088  PUSH29 0x5874b566dcc467d600000ba359d2c3909a1b300000e6f05b384ac3d515   ; round 6 group 0 init
010a6  PUSH1 0x0
010a8  MLOAD
010a9  DUP4
010aa  MUL
010ab  ADD
010ac  PUSH1 0x20
010ae  MLOAD
010af  DUP10
010b0  MUL
010b1  ADD
010b2  PUSH1 0x40
010b4  MLOAD
010b5  DUP3
010b6  MUL
010b7  ADD
010b8  PUSH1 0x60
010ba  MLOAD
010bb  DUP6
010bc  MUL
010bd  ADD
010be  PUSH1 0x80
010c0  MLOAD
010c1  DUP9
010c2  MUL
010c3  ADD
010c4  PUSH1 0xa0
010c6  MLOAD
010c7  DUP5
010c8  MUL
010c9  ADD
010ca  PUSH1 0xc0
010cc  MLOAD
010cd  DUP8
010ce  MUL
010cf  ADD
010d0  PUSH1 0xe0
010d2  MLOAD
010d3  DUP7
010d4  MUL
010d5  ADD
010d6  SWAP8
010d7  PUSH29 0xf60e78223f1e36c000002b343e8edb139c660000070b0e8899173084d   ; round 6 group 1 init
010f5  PUSH2 0x100
010f8  MLOAD
010f9  DUP5
010fa  MUL
010fb  ADD
010fc  PUSH2 0x120
010ff  MLOAD
01100  DUP3
01101  MUL
01102  ADD
01103  PUSH2 0x140
01106  MLOAD
01107  DUP4
01108  MUL
01109  ADD
0110a  PUSH2 0x160
0110d  MLOAD
0110e  DUP7
0110f  MUL
01110  ADD
01111  PUSH2 0x180
01114  MLOAD
01115  DUP10
01116  MUL
01117  ADD
01118  PUSH2 0x1a0
0111b  MLOAD
0111c  DUP6
0111d  MUL
0111e  ADD
0111f  PUSH2 0x1c0
01122  MLOAD
01123  DUP9
01124  MUL
01125  ADD
01126  PUSH2 0x1e0
01129  MLOAD
0112a  DUP8
0112b  MUL
0112c  ADD
0112d  SWAP8
0112e  PUSH2 0x280
01131  MLOAD
01132  MUL
01133  SWAP1
01134  PUSH2 0x220
01137  MLOAD
01138  MUL
01139  ADD
0113a  SWAP1
0113b  PUSH2 0x240
0113e  MLOAD
0113f  MUL
01140  ADD
01141  SWAP1
01142  PUSH2 0x200
01145  MLOAD
01146  MUL
01147  ADD
01148  SWAP1
01149  PUSH2 0x2a0
0114c  MLOAD
0114d  MUL
0114e  ADD
0114f  SWAP1
01150  PUSH2 0x260
01153  MLOAD
01154  MUL
01155  ADD
01156  SWAP1
01157  PUSH2 0x2e0
0115a  MLOAD
0115b  MUL
0115c  ADD
0115d  SWAP1
0115e  PUSH2 0x2c0
01161  MLOAD
01162  MUL
01163  ADD
01164  PUSH19 0xa507cf047879a5d300000ff281bfcfdb67a5c   ; round 6 group 2 init
01178  ADD
01179  DUP1
0117a  PUSH11 0xfffffffffffffffffffff
01186  AND
01187  DUP1
01188  DUP2
01189  MUL
0118a  PUSH8 0xffffffff00000001
01193  SWAP1
01194  DUP3
01195  MULMOD
01196  DUP1
01197  MUL
01198  PUSH8 0xffffffff00000001
011a1  SWAP2
011a2  MULMOD
011a3  SWAP1
011a4  PUSH1 0x54
011a6  SHR
011a7  DUP1
011a8  DUP2
011a9  MUL
011aa  PUSH8 0xffffffff00000001
011b3  SWAP1
011b4  DUP3
011b5  MULMOD
011b6  DUP1
011b7  MUL
011b8  PUSH8 0xffffffff00000001
011c1  SWAP2
011c2  MULMOD
011c3  DUP3
011c4  PUSH11 0xfffffffffffffffffffff
011d0  AND
011d1  DUP1
011d2  DUP2
011d3  MUL
011d4  PUSH8 0xffffffff00000001
011dd  SWAP1
011de  DUP3
011df  MULMOD
011e0  DUP1
011e1  MUL
011e2  PUSH8 0xffffffff00000001
011eb  SWAP2
011ec  MULMOD
011ed  DUP4
011ee  PUSH1 0x54
011f0  SHR
011f1  PUSH11 0xfffffffffffffffffffff
011fd  AND
011fe  DUP1
011ff  DUP2
01200  MUL
01201  PUSH8 0xffffffff00000001
0120a  SWAP1
0120b  DUP3
0120c  MULMOD
0120d  DUP1
0120e  MUL
0120f  PUSH8 0xffffffff00000001
01218  SWAP2
01219  MULMOD
0121a  SWAP4
0121b  PUSH1 0xa8
0121d  SHR
0121e  DUP1
0121f  DUP2
01220  MUL
01221  PUSH8 0xffffffff00000001
0122a  SWAP1
0122b  DUP3
0122c  MULMOD
0122d  DUP1
0122e  MUL
0122f  PUSH8 0xffffffff00000001
01238  SWAP2
01239  MULMOD
0123a  DUP6
0123b  PUSH11 0xfffffffffffffffffffff
01247  AND
01248  DUP1
01249  DUP2
0124a  MUL
0124b  PUSH8 0xffffffff00000001
01254  SWAP1
01255  DUP3
01256  MULMOD
01257  DUP1
01258  MUL
01259  PUSH8 0xffffffff00000001
01262  SWAP2
01263  MULMOD
01264  DUP7
01265  PUSH1 0x54
01267  SHR
01268  PUSH11 0xfffffffffffffffffffff
01274  AND
01275  DUP1
01276  DUP2
01277  MUL
01278  PUSH8 0xffffffff00000001
01281  SWAP1
01282  DUP3
01283  MULMOD
01284  DUP1
01285  MUL
01286  PUSH8 0xffffffff00000001
0128f  SWAP2
01290  MULMOD
01291  SWAP7
01292  PUSH1 0xa8
01294  SHR
01295  DUP1
01296  DUP2
01297  MUL
01298  PUSH8 0xffffffff00000001
012a1  SWAP1
012a2  DUP3
012a3  MULMOD
012a4  DUP1
012a5  MUL
012a6  PUSH8 0xffffffff00000001
012af  SWAP2
012b0  MULMOD
012b1  PUSH29 0x918944af417ab2e100000b98c6f9a183e19900000049879cd1cf7a75d1   ; round 7 group 0 init
012cf  PUSH1 0x0
012d1  MLOAD
012d2  DUP4
012d3  MUL
012d4  ADD
012d5  PUSH1 0x20
012d7  MLOAD
012d8  DUP10
012d9  MUL
012da  ADD
012db  PUSH1 0x40
012dd  MLOAD
012de  DUP3
012df  MUL
012e0  ADD
012e1  PUSH1 0x60
012e3  MLOAD
012e4  DUP6
012e5  MUL
012e6  ADD
012e7  PUSH1 0x80
012e9  MLOAD
012ea  DUP9
012eb  MUL
012ec  ADD
012ed  PUSH1 0xa0
012ef  MLOAD
012f0  DUP5
012f1  MUL
012f2  ADD
012f3  PUSH1 0xc0
012f5  MLOAD
012f6  DUP8
012f7  MUL
012f8  ADD
012f9  PUSH1 0xe0
012fb  MLOAD
012fc  DUP7
012fd  MUL
012fe  ADD
012ff  SWAP8
01300  PUSH29 0x2b16dd4cfa204d2600000ca2f046c563e124700000d1cbbfc83955a604   ; round 7 group 1 init
0131e  PUSH2 0x100
01321  MLOAD
01322  DUP5
01323  MUL
01324  ADD
01325  PUSH2 0x120
01328  MLOAD
01329  DUP3
0132a  MUL
0132b  ADD
0132c  PUSH2 0x140
0132f  MLOAD
01330  DUP4
01331  MUL
01332  ADD
01333  PUSH2 0x160
01336  MLOAD
01337  DUP7
01338  MUL
01339  ADD
0133a  PUSH2 0x180
0133d  MLOAD
0133e  DUP10
0133f  MUL
01340  ADD
01341  PUSH2 0x1a0
01344  MLOAD
01345  DUP6
01346  MUL
01347  ADD
01348  PUSH2 0x1c0
0134b  MLOAD
0134c  DUP9
0134d  MUL
0134e  ADD
0134f  PUSH2 0x1e0
01352  MLOAD
01353  DUP8
01354  MUL
01355  ADD
01356  SWAP8
01357  PUSH2 0x280
0135a  MLOAD
0135b  MUL
0135c  SWAP1
0135d  PUSH2 0x220
01360  MLOAD
01361  MUL
01362  ADD
01363  SWAP1
01364  PUSH2 0x240
01367  MLOAD
01368  MUL
01369  ADD
0136a  SWAP1
0136b  PUSH2 0x200
0136e  MLOAD
0136f  MUL
01370  ADD
01371  SWAP1
01372  PUSH2 0x2a0
01375  MLOAD
01376  MUL
01377  ADD
01378  SWAP1
01379  PUSH2 0x260
0137c  MLOAD
0137d  MUL
0137e  ADD
0137f  SWAP1
01380  PUSH2 0x2e0
01383  MLOAD
01384  MUL
01385  ADD
01386  SWAP1
01387  PUSH2 0x2c0
0138a  MLOAD
0138b  MUL
0138c  ADD
0138d  PUSH19 0xe7e27c0b125153b30000066b153d19e7df850   ; round 7 group 2 init
013a1  ADD
013a2  DUP1
013a3  PUSH11 0xfffffffffffffffffffff
013af  AND
013b0  DUP1
013b1  DUP2
013b2  MUL
013b3  PUSH8 0xffffffff00000001
013bc  SWAP1
013bd  DUP3
013be  MULMOD
013bf  DUP1
013c0  MUL
013c1  PUSH8 0xffffffff00000001
013ca  SWAP2
013cb  MULMOD
013cc  SWAP1
013cd  PUSH1 0x54
013cf  SHR
013d0  DUP1
013d1  DUP2
013d2  MUL
013d3  PUSH8 0xffffffff00000001
013dc  SWAP1
013dd  DUP3
013de  MULMOD
013df  DUP1
013e0  MUL
013e1  PUSH8 0xffffffff00000001
013ea  SWAP2
013eb  MULMOD
013ec  DUP3
013ed  PUSH11 0xfffffffffffffffffffff
013f9  AND
013fa  DUP1
013fb  DUP2
013fc  MUL
013fd  PUSH8 0xffffffff00000001
01406  SWAP1
01407  DUP3
01408  MULMOD
01409  DUP1
0140a  MUL
0140b  PUSH8 0xffffffff00000001
01414  SWAP2
01415  MULMOD
01416  DUP4
01417  PUSH1 0x54
01419  SHR
0141a  PUSH11 0xfffffffffffffffffffff
01426  AND
01427  DUP1
01428  DUP2
01429  MUL
0142a  PUSH8 0xffffffff00000001
01433  SWAP1
01434  DUP3
01435  MULMOD
01436  DUP1
01437  MUL
01438  PUSH8 0xffffffff00000001
01441  SWAP2
01442  MULMOD
01443  SWAP4
01444  PUSH1 0xa8
01446  SHR
01447  DUP1
01448  DUP2
01449  MUL
0144a  PUSH8 0xffffffff00000001
01453  SWAP1
01454  DUP3
01455  MULMOD
01456  DUP1
01457  MUL
01458  PUSH8 0xffffffff00000001
01461  SWAP2
01462  MULMOD
01463  DUP6
01464  PUSH11 0xfffffffffffffffffffff
01470  AND
01471  DUP1
01472  DUP2
01473  MUL
01474  PUSH8 0xffffffff00000001
0147d  SWAP1
0147e  DUP3
0147f  MULMOD
01480  DUP1
01481  MUL
01482  PUSH8 0xffffffff00000001
0148b  SWAP2
0148c  MULMOD
0148d  DUP7
0148e  PUSH1 0x54
01490  SHR
01491  PUSH11 0xfffffffffffffffffffff
0149d  AND
0149e  DUP1
0149f  DUP2
014a0  MUL
014a1  PUSH8 0xffffffff00000001
014aa  SWAP1
014ab  DUP3
014ac  MULMOD
014ad  DUP1
014ae  MUL
014af  PUSH8 0xffffffff00000001
014b8  SWAP2
014b9  MULMOD
014ba  SWAP7
014bb  PUSH1 0xa8
014bd  SHR
014be  DUP1
014bf  DUP2
014c0  MUL
014c1  PUSH8 0xffffffff00000001
014ca  SWAP1
014cb  DUP3
014cc  MULMOD
014cd  DUP1
014ce  MUL
014cf  PUSH8 0xffffffff00000001
014d8  SWAP2
014d9  MULMOD
014da  PUSH29 0xe0f8e94be7be0b9f0000089122f26df208f590000044cf795f5e5798cf   ; round 8 group 0 init
014f8  PUSH1 0x0
014fa  MLOAD
014fb  DUP4
014fc  MUL
014fd  ADD
014fe  PUSH1 0x20
01500  MLOAD
01501  DUP10
01502  MUL
01503  ADD
01504  PUSH1 0x40
01506  MLOAD
01507  DUP3
01508  MUL
01509  ADD
0150a  PUSH1 0x60
0150c  MLOAD
0150d  DUP6
0150e  MUL
0150f  ADD
01510  PUSH1 0x80
01512  MLOAD
01513  DUP9
01514  MUL
01515  ADD
01516  PUSH1 0xa0
01518  MLOAD
01519  DUP5
0151a  MUL
0151b  ADD
0151c  PUSH1 0xc0
0151e  MLOAD
0151f  DUP8
01520  MUL
01521  ADD
01522  PUSH1 0xe0
01524  MLOAD
01525  DUP7
01526  MUL
01527  ADD
01528  SWAP8
01529  PUSH29 0x4590acc4472259b200000a13595e1f429a788000002ffc9c74f2fa7cff   ; round 8 group 1 init
01547  PUSH2 0x100
0154a  MLOAD
0154b  DUP5
0154c  MUL
0154d  ADD
0154e  PUSH2 0x120
01551  MLOAD
01552  DUP3
01553  MUL
01554  ADD
01555  PUSH2 0x140
01558  MLOAD
01559  DUP4
0155a  MUL
0155b  ADD
0155c  PUSH2 0x160
0155f  MLOAD
01560  DUP7
01561  MUL
01562  ADD
01563  PUSH2 0x180
01566  MLOAD
01567  DUP10
01568  MUL
01569  ADD
0156a  PUSH2 0x1a0
0156d  MLOAD
0156e  DUP6
0156f  MUL
01570  ADD
01571  PUSH2 0x1c0
01574  MLOAD
01575  DUP9
01576  MUL
01577  ADD
01578  PUSH2 0x1e0
0157b  MLOAD
0157c  DUP8
0157d  MUL
0157e  ADD
0157f  SWAP8
01580  PUSH2 0x280
01583  MLOAD
01584  MUL
01585  SWAP1
01586  PUSH2 0x220
01589  MLOAD
0158a  MUL
0158b  ADD
0158c  SWAP1
0158d  PUSH2 0x240
01590  MLOAD
01591  MUL
01592  ADD
01593  SWAP1
01594  PUSH2 0x200
01597  MLOAD
01598  MUL
01599  ADD
0159a  SWAP1
0159b  PUSH2 0x2a0
0159e  MLOAD
0159f  MUL
015a0  ADD
015a1  SWAP1
015a2  PUSH2 0x260
015a5  MLOAD
015a6  MUL
015a7  ADD
015a8  SWAP1
015a9  PUSH2 0x2e0
015ac  MLOAD
015ad  MUL
015ae  ADD
015af  SWAP1
015b0  PUSH2 0x2c0
015b3  MLOAD
015b4  MUL
015b5  ADD
015b6  PUSH18 0x41f0bf362af80e00000d4bb540763177c27   ; round 8 group 2 init
015c9  ADD
015ca  DUP1
015cb  PUSH11 0xfffffffffffffffffffff
015d7  AND
015d8  DUP1
015d9  DUP2
015da  MUL
015db  PUSH8 0xffffffff00000001
015e4  SWAP1
015e5  DUP3
015e6  MULMOD
015e7  DUP1
015e8  MUL
015e9  PUSH8 0xffffffff00000001
015f2  SWAP2
015f3  MULMOD
015f4  SWAP1
015f5  PUSH1 0x54
015f7  SHR
015f8  DUP1
015f9  DUP2
015fa  MUL
015fb  PUSH8 0xffffffff00000001
01604  SWAP1
01605  DUP3
01606  MULMOD
01607  DUP1
01608  MUL
01609  PUSH8 0xffffffff00000001
01612  SWAP2
01613  MULMOD
01614  DUP3
01615  PUSH11 0xfffffffffffffffffffff
01621  AND
01622  DUP1
01623  DUP2
01624  MUL
01625  PUSH8 0xffffffff00000001
0162e  SWAP1
0162f  DUP3
01630  MULMOD
01631  DUP1
01632  MUL
01633  PUSH8 0xffffffff00000001
0163c  SWAP2
0163d  MULMOD
0163e  DUP4
0163f  PUSH1 0x54
01641  SHR
01642  PUSH11 0xfffffffffffffffffffff
0164e  AND
0164f  DUP1
01650  DUP2
01651  MUL
01652  PUSH8 0xffffffff00000001
0165b  SWAP1
0165c  DUP3
0165d  MULMOD
0165e  DUP1
0165f  MUL
01660  PUSH8 0xffffffff00000001
01669  SWAP2
0166a  MULMOD
0166b  SWAP4
0166c  PUSH1 0xa8
0166e  SHR
0166f  DUP1
01670  DUP2
01671  MUL
01672  PUSH8 0xffffffff00000001
0167b  SWAP1
0167c  DUP3
0167d  MULMOD
0167e  DUP1
0167f  MUL
01680  PUSH8 0xffffffff00000001
01689  SWAP2
0168a  MULMOD
0168b  DUP6
0168c  PUSH11 0xfffffffffffffffffffff
01698  AND
01699  DUP1
0169a  DUP2
0169b  MUL
0169c  PUSH8 0xffffffff00000001
016a5  SWAP1
016a6  DUP3
016a7  MULMOD
016a8  DUP1
016a9  MUL
016aa  PUSH8 0xffffffff00000001
016b3  SWAP2
016b4  MULMOD
016b5  DUP7
016b6  PUSH1 0x54
016b8  SHR
016b9  PUSH11 0xfffffffffffffffffffff
016c5  AND
016c6  DUP1
016c7  DUP2
016c8  MUL
016c9  PUSH8 0xffffffff00000001
016d2  SWAP1
016d3  DUP3
016d4  MULMOD
016d5  DUP1
016d6  MUL
016d7  PUSH8 0xffffffff00000001
016e0  SWAP2
016e1  MULMOD
016e2  SWAP7
016e3  PUSH1 0xa8
016e5  SHR
016e6  DUP1
016e7  DUP2
016e8  MUL
016e9  PUSH8 0xffffffff00000001
016f2  SWAP1
016f3  DUP3
016f4  MULMOD
016f5  DUP1
016f6  MUL
016f7  PUSH8 0xffffffff00000001
01700  SWAP2
01701  MULMOD
01702  PUSH29 0xe024c07eeb0910ee00000f745d60fef4b6fc000000b2c2f6387e21eb4b   ; round 9 group 0 init
01720  PUSH1 0x0
01722  MLOAD
01723  DUP4
01724  MUL
01725  ADD
01726  PUSH1 0x20
01728  MLOAD
01729  DUP10
0172a  MUL
0172b  ADD
0172c  PUSH1 0x40
0172e  MLOAD
0172f  DUP3
01730  MUL
01731  ADD
01732  PUSH1 0x60
01734  MLOAD
01735  DUP6
01736  MUL
01737  ADD
01738  PUSH1 0x80
0173a  MLOAD
0173b  DUP9
0173c  MUL
0173d  ADD
0173e  PUSH1 0xa0
01740  MLOAD
01741  DUP5
01742  MUL
01743  ADD
01744  PUSH1 0xc0
01746  MLOAD
01747  DUP8
01748  MUL
01749  ADD
0174a  PUSH1 0xe0
0174c  MLOAD
0174d  DUP7
0174e  MUL
0174f  ADD
01750  SWAP8
01751  PUSH29 0x827322a84d5eb6d000000cfec494abbbf17020000049dba989915c105f   ; round 9 group 1 init
0176f  PUSH2 0x100
01772  MLOAD
01773  DUP5
01774  MUL
01775  ADD
01776  PUSH2 0x120
01779  MLOAD
0177a  DUP3
0177b  MUL
0177c  ADD
0177d  PUSH2 0x140
01780  MLOAD
01781  DUP4
01782  MUL
01783  ADD
01784  PUSH2 0x160
01787  MLOAD
01788  DUP7
01789  MUL
0178a  ADD
0178b  PUSH2 0x180
0178e  MLOAD
0178f  DUP10
01790  MUL
01791  ADD
01792  PUSH2 0x1a0
01795  MLOAD
01796  DUP6
01797  MUL
01798  ADD
01799  PUSH2 0x1c0
0179c  MLOAD
0179d  DUP9
0179e  MUL
0179f  ADD
017a0  PUSH2 0x1e0
017a3  MLOAD
017a4  DUP8
017a5  MUL
017a6  ADD
017a7  SWAP8
017a8  PUSH2 0x280
017ab  MLOAD
017ac  MUL
017ad  SWAP1
017ae  PUSH2 0x220
017b1  MLOAD
017b2  MUL
017b3  ADD
017b4  SWAP1
017b5  PUSH2 0x240
017b8  MLOAD
017b9  MUL
017ba  ADD
017bb  SWAP1
017bc  PUSH2 0x200
017bf  MLOAD
017c0  MUL
017c1  ADD
017c2  SWAP1
017c3  PUSH2 0x2a0
017c6  MLOAD
017c7  MUL
017c8  ADD
017c9  SWAP1
017ca  PUSH2 0x260
017cd  MLOAD
017ce  MUL
017cf  ADD
017d0  SWAP1
017d1  PUSH2 0x2e0
017d4  MLOAD
017d5  MUL
017d6  ADD
017d7  SWAP1
017d8  PUSH2 0x2c0
017db  MLOAD
017dc  MUL
017dd  ADD
017de  PUSH19 0x8b631b92a3dbe2f800000edb564f42d3e06b6   ; round 9 group 2 init
017f2  ADD
017f3  DUP1
017f4  PUSH11 0xfffffffffffffffffffff
01800  AND
01801  DUP1
01802  DUP2
01803  MUL
01804  PUSH8 0xffffffff00000001
0180d  SWAP1
0180e  DUP3
0180f  MULMOD
01810  DUP1
01811  MUL
01812  PUSH8 0xffffffff00000001
0181b  SWAP2
0181c  MULMOD
0181d  SWAP1
0181e  PUSH1 0x54
01820  SHR
01821  DUP1
01822  DUP2
01823  MUL
01824  PUSH8 0xffffffff00000001
0182d  SWAP1
0182e  DUP3
0182f  MULMOD
01830  DUP1
01831  MUL
01832  PUSH8 0xffffffff00000001
0183b  SWAP2
0183c  MULMOD
0183d  DUP3
0183e  PUSH11 0xfffffffffffffffffffff
0184a  AND
0184b  DUP1
0184c  DUP2
0184d  MUL
0184e  PUSH8 0xffffffff00000001
01857  SWAP1
01858  DUP3
01859  MULMOD
0185a  DUP1
0185b  MUL
0185c  PUSH8 0xffffffff00000001
01865  SWAP2
01866  MULMOD
01867  DUP4
01868  PUSH1 0x54
0186a  SHR
0186b  PUSH11 0xfffffffffffffffffffff
01877  AND
01878  DUP1
01879  DUP2
0187a  MUL
0187b  PUSH8 0xffffffff00000001
01884  SWAP1
01885  DUP3
01886  MULMOD
01887  DUP1
01888  MUL
01889  PUSH8 0xffffffff00000001
01892  SWAP2
01893  MULMOD
01894  SWAP4
01895  PUSH1 0xa8
01897  SHR
01898  DUP1
01899  DUP2
0189a  MUL
0189b  PUSH8 0xffffffff00000001
018a4  SWAP1
018a5  DUP3
018a6  MULMOD
018a7  DUP1
018a8  MUL
018a9  PUSH8 0xffffffff00000001
018b2  SWAP2
018b3  MULMOD
018b4  DUP6
018b5  PUSH11 0xfffffffffffffffffffff
018c1  AND
018c2  DUP1
018c3  DUP2
018c4  MUL
018c5  PUSH8 0xffffffff00000001
018ce  SWAP1
018cf  DUP3
018d0  MULMOD
018d1  DUP1
018d2  MUL
018d3  PUSH8 0xffffffff00000001
018dc  SWAP2
018dd  MULMOD
018de  DUP7
018df  PUSH1 0x54
018e1  SHR
018e2  PUSH11 0xfffffffffffffffffffff
018ee  AND
018ef  DUP1
018f0  DUP2
018f1  MUL
018f2  PUSH8 0xffffffff00000001
018fb  SWAP1
018fc  DUP3
018fd  MULMOD
018fe  DUP1
018ff  MUL
01900  PUSH8 0xffffffff00000001
01909  SWAP2
0190a  MULMOD
0190b  SWAP7
0190c  PUSH1 0xa8
0190e  SHR
0190f  DUP1
01910  DUP2
01911  MUL
01912  PUSH8 0xffffffff00000001
0191b  SWAP1
0191c  DUP3
0191d  MULMOD
0191e  DUP1
0191f  MUL
01920  PUSH8 0xffffffff00000001
01929  SWAP2
0192a  MULMOD
0192b  PUSH29 0x37493d1af498d402000005b9fe574ab1c793600000d69c34454ddaa129   ; round 10 group 0 init
01949  PUSH1 0x0
0194b  MLOAD
0194c  DUP4
0194d  MUL
0194e  ADD
0194f  PUSH1 0x20
01951  MLOAD
01952  DUP10
01953  MUL
01954  ADD
01955  PUSH1 0x40
01957  MLOAD
01958  DUP3
01959  MUL
0195a  ADD
0195b  PUSH1 0x60
0195d  MLOAD
0195e  DUP6
0195f  MUL
01960  ADD
01961  PUSH1 0x80
01963  MLOAD
01964  DUP9
01965  MUL
01966  ADD
01967  PUSH1 0xa0
01969  MLOAD
0196a  DUP5
0196b  MUL
0196c  ADD
0196d  PUSH1 0xc0
0196f  MLOAD
01970  DUP8
01971  MUL
01972  ADD
01973  PUSH1 0xe0
01975  MLOAD
01976  DUP7
01977  MUL
01978  ADD
01979  SWAP8
0197a  PUSH29 0xae780d64c74fd18f00000ca2b420d5b701681000001acdb61e9539a4fd   ; round 10 group 1 init
01998  PUSH2 0x100
0199b  MLOAD
0199c  DUP5
0199d  MUL
0199e  ADD
0199f  PUSH2 0x120
019a2  MLOAD
019a3  DUP3
019a4  MUL
019a5  ADD
019a6  PUSH2 0x140
019a9  MLOAD
019aa  DUP4
019ab  MUL
019ac  ADD
019ad  PUSH2 0x160
019b0  MLOAD
019b1  DUP7
019b2  MUL
019b3  ADD
019b4  PUSH2 0x180
019b7  MLOAD
019b8  DUP10
019b9  MUL
019ba  ADD
019bb  PUSH2 0x1a0
019be  MLOAD
019bf  DUP6
019c0  MUL
019c1  ADD
019c2  PUSH2 0x1c0
019c5  MLOAD
019c6  DUP9
019c7  MUL
019c8  ADD
019c9  PUSH2 0x1e0
019cc  MLOAD
019cd  DUP8
019ce  MUL
019cf  ADD
019d0  SWAP8
019d1  PUSH2 0x280
019d4  MLOAD
019d5  MUL
019d6  SWAP1
019d7  PUSH2 0x220
019da  MLOAD
019db  MUL
019dc  ADD
019dd  SWAP1
019de  PUSH2 0x240
019e1  MLOAD
019e2  MUL
019e3  ADD
019e4  SWAP1
019e5  PUSH2 0x200
019e8  MLOAD
019e9  MUL
019ea  ADD
019eb  SWAP1
019ec  PUSH2 0x2a0
019ef  MLOAD
019f0  MUL
019f1  ADD
019f2  SWAP1
019f3  PUSH2 0x260
019f6  MLOAD
019f7  MUL
019f8  ADD
019f9  SWAP1
019fa  PUSH2 0x2e0
019fd  MLOAD
019fe  MUL
019ff  ADD
01a00  SWAP1
01a01  PUSH2 0x2c0
01a04  MLOAD
01a05  MUL
01a06  ADD
01a07  PUSH18 0x733cecd829df0cf00000f1fb5fc734788dbd   ; round 10 group 2 init
01a1a  ADD
01a1b  DUP1
01a1c  PUSH11 0xfffffffffffffffffffff
01a28  AND
01a29  DUP1
01a2a  DUP2
01a2b  MUL
01a2c  PUSH8 0xffffffff00000001
01a35  SWAP1
01a36  DUP3
01a37  MULMOD
01a38  DUP1
01a39  MUL
01a3a  PUSH8 0xffffffff00000001
01a43  SWAP2
01a44  MULMOD
01a45  SWAP1
01a46  PUSH1 0x54
01a48  SHR
01a49  DUP1
01a4a  DUP2
01a4b  MUL
01a4c  PUSH8 0xffffffff00000001
01a55  SWAP1
01a56  DUP3
01a57  MULMOD
01a58  DUP1
01a59  MUL
01a5a  PUSH8 0xffffffff00000001
01a63  SWAP2
01a64  MULMOD
01a65  DUP3
01a66  PUSH11 0xfffffffffffffffffffff
01a72  AND
01a73  DUP1
01a74  DUP2
01a75  MUL
01a76  PUSH8 0xffffffff00000001
01a7f  SWAP1
01a80  DUP3
01a81  MULMOD
01a82  DUP1
01a83  MUL
01a84  PUSH8 0xffffffff00000001
01a8d  SWAP2
01a8e  MULMOD
01a8f  DUP4
01a90  PUSH1 0x54
01a92  SHR
01a93  PUSH11 0xfffffffffffffffffffff
01a9f  AND
01aa0  DUP1
01aa1  DUP2
01aa2  MUL
01aa3  PUSH8 0xffffffff00000001
01aac  SWAP1
01aad  DUP3
01aae  MULMOD
01aaf  DUP1
01ab0  MUL
01ab1  PUSH8 0xffffffff00000001
01aba  SWAP2
01abb  MULMOD
01abc  SWAP4
01abd  PUSH1 0xa8
01abf  SHR
01ac0  DUP1
01ac1  DUP2
01ac2  MUL
01ac3  PUSH8 0xffffffff00000001
01acc  SWAP1
01acd  DUP3
01ace  MULMOD
01acf  DUP1
01ad0  MUL
01ad1  PUSH8 0xffffffff00000001
01ada  SWAP2
01adb  MULMOD
01adc  DUP6
01add  PUSH11 0xfffffffffffffffffffff
01ae9  AND
01aea  DUP1
01aeb  DUP2
01aec  MUL
01aed  PUSH8 0xffffffff00000001
01af6  SWAP1
01af7  DUP3
01af8  MULMOD
01af9  DUP1
01afa  MUL
01afb  PUSH8 0xffffffff00000001
01b04  SWAP2
01b05  MULMOD
01b06  DUP7
01b07  PUSH1 0x54
01b09  SHR
01b0a  PUSH11 0xfffffffffffffffffffff
01b16  AND
01b17  DUP1
01b18  DUP2
01b19  MUL
01b1a  PUSH8 0xffffffff00000001
01b23  SWAP1
01b24  DUP3
01b25  MULMOD
01b26  DUP1
01b27  MUL
01b28  PUSH8 0xffffffff00000001
01b31  SWAP2
01b32  MULMOD
01b33  SWAP7
01b34  PUSH1 0xa8
01b36  SHR
01b37  DUP1
01b38  DUP2
01b39  MUL
01b3a  PUSH8 0xffffffff00000001
01b43  SWAP1
01b44  DUP3
01b45  MULMOD
01b46  DUP1
01b47  MUL
01b48  PUSH8 0xffffffff00000001
01b51  SWAP2
01b52  MULMOD
01b53  PUSH29 0x1a6ba49b4d78c2e2000002b43c637d2357ee800000248349d826df4564   ; round 11 group 0 init
01b71  PUSH1 0x0
01b73  MLOAD
01b74  DUP4
01b75  MUL
01b76  ADD
01b77  PUSH1 0x20
01b79  MLOAD
01b7a  DUP10
01b7b  MUL
01b7c  ADD
01b7d  PUSH1 0x40
01b7f  MLOAD
01b80  DUP3
01b81  MUL
01b82  ADD
01b83  PUSH1 0x60
01b85  MLOAD
01b86  DUP6
01b87  MUL
01b88  ADD
01b89  PUSH1 0x80
01b8b  MLOAD
01b8c  DUP9
01b8d  MUL
01b8e  ADD
01b8f  PUSH1 0xa0
01b91  MLOAD
01b92  DUP5
01b93  MUL
01b94  ADD
01b95  PUSH1 0xc0
01b97  MLOAD
01b98  DUP8
01b99  MUL
01b9a  ADD
01b9b  PUSH1 0xe0
01b9d  MLOAD
01b9e  DUP7
01b9f  MUL
01ba0  ADD
01ba1  SWAP8
01ba2  PUSH29 0xd48dfc7cdbebb4e700000da360ebfad2acee200000bdb6976c6fcc8d11   ; round 11 group 1 init
01bc0  PUSH2 0x100
01bc3  MLOAD
01bc4  DUP5
01bc5  MUL
01bc6  ADD
01bc7  PUSH2 0x120
01bca  MLOAD
01bcb  DUP3
01bcc  MUL
01bcd  ADD
01bce  PUSH2 0x140
01bd1  MLOAD
01bd2  DUP4
01bd3  MUL
01bd4  ADD
01bd5  PUSH2 0x160
01bd8  MLOAD
01bd9  DUP7
01bda  MUL
01bdb  ADD
01bdc  PUSH2 0x180
01bdf  MLOAD
01be0  DUP10
01be1  MUL
01be2  ADD
01be3  PUSH2 0x1a0
01be6  MLOAD
01be7  DUP6
01be8  MUL
01be9  ADD
01bea  PUSH2 0x1c0
01bed  MLOAD
01bee  DUP9
01bef  MUL
01bf0  ADD
01bf1  PUSH2 0x1e0
01bf4  MLOAD
01bf5  DUP8
01bf6  MUL
01bf7  ADD
01bf8  SWAP8
01bf9  PUSH2 0x280
01bfc  MLOAD
01bfd  MUL
01bfe  SWAP1
01bff  PUSH2 0x220
01c02  MLOAD
01c03  MUL
01c04  ADD
01c05  SWAP1
01c06  PUSH2 0x240
01c09  MLOAD
01c0a  MUL
01c0b  ADD
01c0c  SWAP1
01c0d  PUSH2 0x200
01c10  MLOAD
01c11  MUL
01c12  ADD
01c13  SWAP1
01c14  PUSH2 0x2a0
01c17  MLOAD
01c18  MUL
01c19  ADD
01c1a  SWAP1
01c1b  PUSH2 0x260
01c1e  MLOAD
01c1f  MUL
01c20  ADD
01c21  SWAP1
01c22  PUSH2 0x2e0
01c25  MLOAD
01c26  MUL
01c27  ADD
01c28  SWAP1
01c29  PUSH2 0x2c0
01c2c  MLOAD
01c2d  MUL
01c2e  ADD
01c2f  PUSH19 0xfe49092cfe715f3c00000aa5e7341d2f1fd9c   ; round 11 group 2 init
01c43  ADD
01c44  DUP1
01c45  PUSH11 0xfffffffffffffffffffff
01c51  AND
01c52  DUP1
01c53  DUP2
01c54  MUL
01c55  PUSH8 0xffffffff00000001
01c5e  SWAP1
01c5f  DUP3
01c60  MULMOD
01c61  DUP1
01c62  MUL
01c63  PUSH8 0xffffffff00000001
01c6c  SWAP2
01c6d  MULMOD
01c6e  SWAP1
01c6f  PUSH1 0x54
01c71  SHR
01c72  DUP1
01c73  DUP2
01c74  MUL
01c75  PUSH8 0xffffffff00000001
01c7e  SWAP1
01c7f  DUP3
01c80  MULMOD
01c81  DUP1
01c82  MUL
01c83  PUSH8 0xffffffff00000001
01c8c  SWAP2
01c8d  MULMOD
01c8e  DUP3
01c8f  PUSH11 0xfffffffffffffffffffff
01c9b  AND
01c9c  DUP1
01c9d  DUP2
01c9e  MUL
01c9f  PUSH8 0xffffffff00000001
01ca8  SWAP1
01ca9  DUP3
01caa  MULMOD
01cab  DUP1
01cac  MUL
01cad  PUSH8 0xffffffff00000001
01cb6  SWAP2
01cb7  MULMOD
01cb8  DUP4
01cb9  PUSH1 0x54
01cbb  SHR
01cbc  PUSH11 0xfffffffffffffffffffff
01cc8  AND
01cc9  DUP1
01cca  DUP2
01ccb  MUL
01ccc  PUSH8 0xffffffff00000001
01cd5  SWAP1
01cd6  DUP3
01cd7  MULMOD
01cd8  DUP1
01cd9  MUL
01cda  PUSH8 0xffffffff00000001
01ce3  SWAP2
01ce4  MULMOD
01ce5  SWAP4
01ce6  PUSH1 0xa8
01ce8  SHR
01ce9  DUP1
01cea  DUP2
01ceb  MUL
01cec  PUSH8 0xffffffff00000001
01cf5  SWAP1
01cf6  DUP3
01cf7  MULMOD
01cf8  DUP1
01cf9  MUL
01cfa  PUSH8 0xffffffff00000001
01d03  SWAP2
01d04  MULMOD
01d05  DUP6
01d06  PUSH11 0xfffffffffffffffffffff
01d12  AND
01d13  DUP1
01d14  DUP2
01d15  MUL
01d16  PUSH8 0xffffffff00000001
01d1f  SWAP1
01d20  DUP3
01d21  MULMOD
01d22  DUP1
01d23  MUL
01d24  PUSH8 0xffffffff00000001
01d2d  SWAP2
01d2e  MULMOD
01d2f  DUP7
01d30  PUSH1 0x54
01d32  SHR
01d33  PUSH11 0xfffffffffffffffffffff
01d3f  AND
01d40  DUP1
01d41  DUP2
01d42  MUL
01d43  PUSH8 0xffffffff00000001
01d4c  SWAP1
01d4d  DUP3
01d4e  MULMOD
01d4f  DUP1
01d50  MUL
01d51  PUSH8 0xffffffff00000001
01d5a  SWAP2
01d5b  MULMOD
01d5c  SWAP7
01d5d  PUSH1 0xa8
01d5f  SHR
01d60  DUP1
01d61  DUP2
01d62  MUL
01d63  PUSH8 0xffffffff00000001
01d6c  SWAP1
01d6d  DUP3
01d6e  MULMOD
01d6f  DUP1
01d70  MUL
01d71  PUSH8 0xffffffff00000001
01d7a  SWAP2
01d7b  MULMOD
01d7c  PUSH29 0x671dfd6bb7df02a100000feacc5583fa4045b00000266d36c0e9ad35c5   ; round 12 group 0 init
01d9a  PUSH1 0x0
01d9c  MLOAD
01d9d  DUP4
01d9e  MUL
01d9f  ADD
01da0  PUSH1 0x20
01da2  MLOAD
01da3  DUP10
01da4  MUL
01da5  ADD
01da6  PUSH1 0x40
01da8  MLOAD
01da9  DUP3
01daa  MUL
01dab  ADD
01dac  PUSH1 0x60
01dae  MLOAD
01daf  DUP6
01db0  MUL
01db1  ADD
01db2  PUSH1 0x80
01db4  MLOAD
01db5  DUP9
01db6  MUL
01db7  ADD
01db8  PUSH1 0xa0
01dba  MLOAD
01dbb  DUP5
01dbc  MUL
01dbd  ADD
01dbe  PUSH1 0xc0
01dc0  MLOAD
01dc1  DUP8
01dc2  MUL
01dc3  ADD
01dc4  PUSH1 0xe0
01dc6  MLOAD
01dc7  DUP7
01dc8  MUL
01dc9  ADD
01dca  SWAP8
01dcb  PUSH29 0xb3bb71f95fd03dc30000051e51d4fe1c2fd33000007eb0568c85d6aa01   ; round 12 group 1 init
01de9  PUSH2 0x100
01dec  MLOAD
01ded  DUP5
01dee  MUL
01def  ADD
01df0  PUSH2 0x120
01df3  MLOAD
01df4  DUP3
01df5  MUL
01df6  ADD
01df7  PUSH2 0x140
01dfa  MLOAD
01dfb  DUP4
01dfc  MUL
01dfd  ADD
01dfe  PUSH2 0x160
01e01  MLOAD
01e02  DUP7
01e03  MUL
01e04  ADD
01e05  PUSH2 0x180
01e08  MLOAD
01e09  DUP10
01e0a  MUL
01e0b  ADD
01e0c  PUSH2 0x1a0
01e0f  MLOAD
01e10  DUP6
01e11  MUL
01e12  ADD
01e13  PUSH2 0x1c0
01e16  MLOAD
01e17  DUP9
01e18  MUL
01e19  ADD
01e1a  PUSH2 0x1e0
01e1d  MLOAD
01e1e  DUP8
01e1f  MUL
01e20  ADD
01e21  SWAP8
01e22  PUSH2 0x280
01e25  MLOAD
01e26  MUL
01e27  SWAP1
01e28  PUSH2 0x220
01e2b  MLOAD
01e2c  MUL
01e2d  ADD
01e2e  SWAP1
01e2f  PUSH2 0x240
01e32  MLOAD
01e33  MUL
01e34  ADD
01e35  SWAP1
01e36  PUSH2 0x200
01e39  MLOAD
01e3a  MUL
01e3b  ADD
01e3c  SWAP1
01e3d  PUSH2 0x2a0
01e40  MLOAD
01e41  MUL
01e42  ADD
01e43  SWAP1
01e44  PUSH2 0x260
01e47  MLOAD
01e48  MUL
01e49  ADD
01e4a  SWAP1
01e4b  PUSH2 0x2e0
01e4e  MLOAD
01e4f  MUL
01e50  ADD
01e51  SWAP1
01e52  PUSH2 0x2c0
01e55  MLOAD
01e56  MUL
01e57  ADD
01e58  PUSH19 0x7d84312900e4d67b00000391f41e9bec5fb65   ; round 12 group 2 init
01e6c  ADD
01e6d  DUP1
01e6e  PUSH11 0xfffffffffffffffffffff
01e7a  AND
01e7b  DUP1
01e7c  DUP2
01e7d  MUL
01e7e  PUSH8 0xffffffff00000001
01e87  SWAP1
01e88  DUP3
01e89  MULMOD
01e8a  DUP1
01e8b  MUL
01e8c  PUSH8 0xffffffff00000001
01e95  SWAP2
01e96  MULMOD
01e97  SWAP1
01e98  PUSH1 0x54
01e9a  SHR
01e9b  DUP1
01e9c  DUP2
01e9d  MUL
01e9e  PUSH8 0xffffffff00000001
01ea7  SWAP1
01ea8  DUP3
01ea9  MULMOD
01eaa  DUP1
01eab  MUL
01eac  PUSH8 0xffffffff00000001
01eb5  SWAP2
01eb6  MULMOD
01eb7  DUP3
01eb8  PUSH11 0xfffffffffffffffffffff
01ec4  AND
01ec5  DUP1
01ec6  DUP2
01ec7  MUL
01ec8  PUSH8 0xffffffff00000001
01ed1  SWAP1
01ed2  DUP3
01ed3  MULMOD
01ed4  DUP1
01ed5  MUL
01ed6  PUSH8 0xffffffff00000001
01edf  SWAP2
01ee0  MULMOD
01ee1  DUP4
01ee2  PUSH1 0x54
01ee4  SHR
01ee5  PUSH11 0xfffffffffffffffffffff
01ef1  AND
01ef2  DUP1
01ef3  DUP2
01ef4  MUL
01ef5  PUSH8 0xffffffff00000001
01efe  SWAP1
01eff  DUP3
01f00  MULMOD
01f01  DUP1
01f02  MUL
01f03  PUSH8 0xffffffff00000001
01f0c  SWAP2
01f0d  MULMOD
01f0e  SWAP4
01f0f  PUSH1 0xa8
01f11  SHR
01f12  DUP1
01f13  DUP2
01f14  MUL
01f15  PUSH8 0xffffffff00000001
01f1e  SWAP1
01f1f  DUP3
01f20  MULMOD
01f21  DUP1
01f22  MUL
01f23  PUSH8 0xffffffff00000001
01f2c  SWAP2
01f2d  MULMOD
01f2e  DUP6
01f2f  PUSH11 0xfffffffffffffffffffff
01f3b  AND
01f3c  DUP1
01f3d  DUP2
01f3e  MUL
01f3f  PUSH8 0xffffffff00000001
01f48  SWAP1
01f49  DUP3
01f4a  MULMOD
01f4b  DUP1
01f4c  MUL
01f4d  PUSH8 0xffffffff00000001
01f56  SWAP2
01f57  MULMOD
01f58  DUP7
01f59  PUSH1 0x54
01f5b  SHR
01f5c  PUSH11 0xfffffffffffffffffffff
01f68  AND
01f69  DUP1
01f6a  DUP2
01f6b  MUL
01f6c  PUSH8 0xffffffff00000001
01f75  SWAP1
01f76  DUP3
01f77  MULMOD
01f78  DUP1
01f79  MUL
01f7a  PUSH8 0xffffffff00000001
01f83  SWAP2
01f84  MULMOD
01f85  SWAP7
01f86  PUSH1 0xa8
01f88  SHR
01f89  DUP1
01f8a  DUP2
01f8b  MUL
01f8c  PUSH8 0xffffffff00000001
01f95  SWAP1
01f96  DUP3
01f97  MULMOD
01f98  DUP1
01f99  MUL
01f9a  PUSH8 0xffffffff00000001
01fa3  SWAP2
01fa4  MULMOD
01fa5  PUSH29 0x65cc84a31439992600000938770aee9958c1b00000c84f7711c77bb90b   ; round 13 group 0 init
01fc3  PUSH1 0x0
01fc5  MLOAD
01fc6  DUP4
01fc7  MUL
01fc8  ADD
01fc9  PUSH1 0x20
01fcb  MLOAD
01fcc  DUP10
01fcd  MUL
01fce  ADD
01fcf  PUSH1 0x40
01fd1  MLOAD
01fd2  DUP3
01fd3  MUL
01fd4  ADD
01fd5  PUSH1 0x60
01fd7  MLOAD
01fd8  DUP6
01fd9  MUL
01fda  ADD
01fdb  PUSH1 0x80
01fdd  MLOAD
01fde  DUP9
01fdf  MUL
01fe0  ADD
01fe1  PUSH1 0xa0
01fe3  MLOAD
01fe4  DUP5
01fe5  MUL
01fe6  ADD
01fe7  PUSH1 0xc0
01fe9  MLOAD
01fea  DUP8
01feb  MUL
01fec  ADD
01fed  PUSH1 0xe0
01fef  MLOAD
01ff0  DUP7
01ff1  MUL
01ff2  ADD
01ff3  SWAP8
01ff4  PUSH29 0xf88c158e0df27e6600000b661f3335569d2d400000460fe712c9b92284   ; round 13 group 1 init
02012  PUSH2 0x100
02015  MLOAD
02016  DUP5
02017  MUL
02018  ADD
02019  PUSH2 0x120
0201c  MLOAD
0201d  DUP3
0201e  MUL
0201f  ADD
02020  PUSH2 0x140
02023  MLOAD
02024  DUP4
02025  MUL
02026  ADD
02027  PUSH2 0x160
0202a  MLOAD
0202b  DUP7
0202c  MUL
0202d  ADD
0202e  PUSH2 0x180
02031  MLOAD
02032  DUP10
02033  MUL
02034  ADD
02035  PUSH2 0x1a0
02038  MLOAD
02039  DUP6
0203a  MUL
0203b  ADD
0203c  PUSH2 0x1c0
0203f  MLOAD
02040  DUP9
02041  MUL
02042  ADD
02043  PUSH2 0x1e0
02046  MLOAD
02047  DUP8
02048  MUL
02049  ADD
0204a  SWAP8
0204b  PUSH2 0x280
0204e  MLOAD
0204f  MUL
02050  SWAP1
02051  PUSH2 0x220
02054  MLOAD
02055  MUL
02056  ADD
02057  SWAP1
02058  PUSH2 0x240
0205b  MLOAD
0205c  MUL
0205d  ADD
0205e  SWAP1
0205f  PUSH2 0x200
02062  MLOAD
02063  MUL
02064  ADD
02065  SWAP1
02066  PUSH2 0x2a0
02069  MLOAD
0206a  MUL
0206b  ADD
0206c  SWAP1
0206d  PUSH2 0x260
02070  MLOAD
02071  MUL
02072  ADD
02073  SWAP1
02074  PUSH2 0x2e0
02077  MLOAD
02078  MUL
02079  ADD
0207a  SWAP1
0207b  PUSH2 0x2c0
0207e  MLOAD
0207f  MUL
02080  ADD
02081  PUSH19 0x6c2367f54c92a8b300000bc9e02b3d6b2da41   ; round 13 group 2 init
02095  ADD
02096  DUP1
02097  PUSH11 0xfffffffffffffffffffff
020a3  AND
020a4  DUP1
020a5  DUP2
020a6  MUL
020a7  PUSH8 0xffffffff00000001
020b0  SWAP1
020b1  DUP3
020b2  MULMOD
020b3  DUP1
020b4  MUL
020b5  PUSH8 0xffffffff00000001
020be  SWAP2
020bf  MULMOD
020c0  SWAP1
020c1  PUSH1 0x54
020c3  SHR
020c4  DUP1
020c5  DUP2
020c6  MUL
020c7  PUSH8 0xffffffff00000001
020d0  SWAP1
020d1  DUP3
020d2  MULMOD
020d3  DUP1
020d4  MUL
020d5  PUSH8 0xffffffff00000001
020de  SWAP2
020df  MULMOD
020e0  DUP3
020e1  PUSH11 0xfffffffffffffffffffff
020ed  AND
020ee  DUP1
020ef  DUP2
020f0  MUL
020f1  PUSH8 0xffffffff00000001
020fa  SWAP1
020fb  DUP3
020fc  MULMOD
020fd  DUP1
020fe  MUL
020ff  PUSH8 0xffffffff00000001
02108  SWAP2
02109  MULMOD
0210a  DUP4
0210b  PUSH1 0x54
0210d  SHR
0210e  PUSH11 0xfffffffffffffffffffff
0211a  AND
0211b  DUP1
0211c  DUP2
0211d  MUL
0211e  PUSH8 0xffffffff00000001
02127  SWAP1
02128  DUP3
02129  MULMOD
0212a  DUP1
0212b  MUL
0212c  PUSH8 0xffffffff00000001
02135  SWAP2
02136  MULMOD
02137  SWAP4
02138  PUSH1 0xa8
0213a  SHR
0213b  DUP1
0213c  DUP2
0213d  MUL
0213e  PUSH8 0xffffffff00000001
02147  SWAP1
02148  DUP3
02149  MULMOD
0214a  DUP1
0214b  MUL
0214c  PUSH8 0xffffffff00000001
02155  SWAP2
02156  MULMOD
02157  DUP6
02158  PUSH11 0xfffffffffffffffffffff
02164  AND
02165  DUP1
02166  DUP2
02167  MUL
02168  PUSH8 0xffffffff00000001
02171  SWAP1
02172  DUP3
02173  MULMOD
02174  DUP1
02175  MUL
02176  PUSH8 0xffffffff00000001
0217f  SWAP2
02180  MULMOD
02181  DUP7
02182  PUSH1 0x54
02184  SHR
02185  PUSH11 0xfffffffffffffffffffff
02191  AND
02192  DUP1
02193  DUP2
02194  MUL
02195  PUSH8 0xffffffff00000001
0219e  SWAP1
0219f  DUP3
021a0  MULMOD
021a1  DUP1
021a2  MUL
021a3  PUSH8 0xffffffff00000001
021ac  SWAP2
021ad  MULMOD
021ae  SWAP7
021af  PUSH1 0xa8
021b1  SHR
021b2  DUP1
021b3  DUP2
021b4  MUL
021b5  PUSH8 0xffffffff00000001
021be  SWAP1
021bf  DUP3
021c0  MULMOD
021c1  DUP1
021c2  MUL
021c3  PUSH8 0xffffffff00000001
021cc  SWAP2
021cd  MULMOD
021ce  PUSH29 0xcba8720e5bcd25cb0000075420840521a3ea70000071ac5d9abe61fb4c   ; round 14 group 0 init
021ec  PUSH1 0x0
021ee  MLOAD
021ef  DUP4
021f0  MUL
021f1  ADD
021f2  PUSH1 0x20
021f4  MLOAD
021f5  DUP10
021f6  MUL
021f7  ADD
021f8  PUSH1 0x40
021fa  MLOAD
021fb  DUP3
021fc  MUL
021fd  ADD
021fe  PUSH1 0x60
02200  MLOAD
02201  DUP6
02202  MUL
02203  ADD
02204  PUSH1 0x80
02206  MLOAD
02207  DUP9
02208  MUL
02209  ADD
0220a  PUSH1 0xa0
0220c  MLOAD
0220d  DUP5
0220e  MUL
0220f  ADD
02210  PUSH1 0xc0
02212  MLOAD
02213  DUP8
02214  MUL
02215  ADD
02216  PUSH1 0xe0
02218  MLOAD
02219  DUP7
0221a  MUL
0221b  ADD
0221c  SWAP8
0221d  PUSH29 0xe6cb13a9182c278100000211ec0c1ed778e4d0000004e5d3ca3e5a59b4   ; round 14 group 1 init
0223b  PUSH2 0x100
0223e  MLOAD
0223f  DUP5
02240  MUL
02241  ADD
02242  PUSH2 0x120
02245  MLOAD
02246  DUP3
02247  MUL
02248  ADD
02249  PUSH2 0x140
0224c  MLOAD
0224d  DUP4
0224e  MUL
0224f  ADD
02250  PUSH2 0x160
02253  MLOAD
02254  DUP7
02255  MUL
02256  ADD
02257  PUSH2 0x180
0225a  MLOAD
0225b  DUP10
0225c  MUL
0225d  ADD
0225e  PUSH2 0x1a0
02261  MLOAD
02262  DUP6
02263  MUL
02264  ADD
02265  PUSH2 0x1c0
02268  MLOAD
02269  DUP9
0226a  MUL
0226b  ADD
0226c  PUSH2 0x1e0
0226f  MLOAD
02270  DUP8
02271  MUL
02272  ADD
02273  SWAP8
02274  PUSH2 0x280
02277  MLOAD
02278  MUL
02279  SWAP1
0227a  PUSH2 0x220
0227d  MLOAD
0227e  MUL
0227f  ADD
02280  SWAP1
02281  PUSH2 0x240
02284  MLOAD
02285  MUL
02286  ADD
02287  SWAP1
02288  PUSH2 0x200
0228b  MLOAD
0228c  MUL
0228d  ADD
0228e  SWAP1
0228f  PUSH2 0x2a0
02292  MLOAD
02293  MUL
02294  ADD
02295  SWAP1
02296  PUSH2 0x260
02299  MLOAD
0229a  MUL
0229b  ADD
0229c  SWAP1
0229d  PUSH2 0x2e0
022a0  MLOAD
022a1  MUL
022a2  ADD
022a3  SWAP1
022a4  PUSH2 0x2c0
022a7  MLOAD
022a8  MUL
022a9  ADD
022aa  PUSH19 0x5e8a109dfe86805d0000077b6b5182825e6af   ; round 14 group 2 init
022be  ADD
022bf  DUP1
022c0  PUSH11 0xfffffffffffffffffffff
022cc  AND
022cd  DUP1
022ce  DUP2
022cf  MUL
022d0  PUSH8 0xffffffff00000001
022d9  SWAP1
022da  DUP3
022db  MULMOD
022dc  DUP1
022dd  MUL
022de  PUSH8 0xffffffff00000001
022e7  SWAP2
022e8  MULMOD
022e9  SWAP1
022ea  PUSH1 0x54
022ec  SHR
022ed  DUP1
022ee  DUP2
022ef  MUL
022f0  PUSH8 0xffffffff00000001
022f9  SWAP1
022fa  DUP3
022fb  MULMOD
022fc  DUP1
022fd  MUL
022fe  PUSH8 0xffffffff00000001
02307  SWAP2
02308  MULMOD
02309  DUP3
0230a  PUSH11 0xfffffffffffffffffffff
02316  AND
02317  DUP1
02318  DUP2
02319  MUL
0231a  PUSH8 0xffffffff00000001
02323  SWAP1
02324  DUP3
02325  MULMOD
02326  DUP1
02327  MUL
02328  PUSH8 0xffffffff00000001
02331  SWAP2
02332  MULMOD
02333  DUP4
02334  PUSH1 0x54
02336  SHR
02337  PUSH11 0xfffffffffffffffffffff
02343  AND
02344  DUP1
02345  DUP2
02346  MUL
02347  PUSH8 0xffffffff00000001
02350  SWAP1
02351  DUP3
02352  MULMOD
02353  DUP1
02354  MUL
02355  PUSH8 0xffffffff00000001
0235e  SWAP2
0235f  MULMOD
02360  SWAP4
02361  PUSH1 0xa8
02363  SHR
02364  DUP1
02365  DUP2
02366  MUL
02367  PUSH8 0xffffffff00000001
02370  SWAP1
02371  DUP3
02372  MULMOD
02373  DUP1
02374  MUL
02375  PUSH8 0xffffffff00000001
0237e  SWAP2
0237f  MULMOD
02380  DUP6
02381  PUSH11 0xfffffffffffffffffffff
0238d  AND
0238e  DUP1
0238f  DUP2
02390  MUL
02391  PUSH8 0xffffffff00000001
0239a  SWAP1
0239b  DUP3
0239c  MULMOD
0239d  DUP1
0239e  MUL
0239f  PUSH8 0xffffffff00000001
023a8  SWAP2
023a9  MULMOD
023aa  DUP7
023ab  PUSH1 0x54
023ad  SHR
023ae  PUSH11 0xfffffffffffffffffffff
023ba  AND
023bb  DUP1
023bc  DUP2
023bd  MUL
023be  PUSH8 0xffffffff00000001
023c7  SWAP1
023c8  DUP3
023c9  MULMOD
023ca  DUP1
023cb  MUL
023cc  PUSH8 0xffffffff00000001
023d5  SWAP2
023d6  MULMOD
023d7  SWAP7
023d8  PUSH1 0xa8
023da  SHR
023db  DUP1
023dc  DUP2
023dd  MUL
023de  PUSH8 0xffffffff00000001
023e7  SWAP1
023e8  DUP3
023e9  MULMOD
023ea  DUP1
023eb  MUL
023ec  PUSH8 0xffffffff00000001
023f5  SWAP2
023f6  MULMOD
023f7  PUSH29 0x2eda593cb3bb2e7800000ac7870a51cac0fbb000008d1e206cc84f3247   ; round 15 group 0 init
02415  PUSH1 0x0
02417  MLOAD
02418  DUP4
02419  MUL
0241a  ADD
0241b  PUSH1 0x20
0241d  MLOAD
0241e  DUP10
0241f  MUL
02420  ADD
02421  PUSH1 0x40
02423  MLOAD
02424  DUP3
02425  MUL
02426  ADD
02427  PUSH1 0x60
02429  MLOAD
0242a  DUP6
0242b  MUL
0242c  ADD
0242d  PUSH1 0x80
0242f  MLOAD
02430  DUP9
02431  MUL
02432  ADD
02433  PUSH1 0xa0
02435  MLOAD
02436  DUP5
02437  MUL
02438  ADD
02439  PUSH1 0xc0
0243b  MLOAD
0243c  DUP8
0243d  MUL
0243e  ADD
0243f  PUSH1 0xe0
02441  MLOAD
02442  DUP7
02443  MUL
02444  ADD
02445  SWAP8
02446  PUSH29 0xe8dc2ee7d9d3382000009ccd1d2657b9d9280000050a8c94ea721016a   ; round 15 group 1 init
02464  PUSH2 0x100
02467  MLOAD
02468  DUP5
02469  MUL
0246a  ADD
0246b  PUSH2 0x120
0246e  MLOAD
0246f  DUP3
02470  MUL
02471  ADD
02472  PUSH2 0x140
02475  MLOAD
02476  DUP4
02477  MUL
02478  ADD
02479  PUSH2 0x160
0247c  MLOAD
0247d  DUP7
0247e  MUL
0247f  ADD
02480  PUSH2 0x180
02483  MLOAD
02484  DUP10
02485  MUL
02486  ADD
02487  PUSH2 0x1a0
0248a  MLOAD
0248b  DUP6
0248c  MUL
0248d  ADD
0248e  PUSH2 0x1c0
02491  MLOAD
02492  DUP9
02493  MUL
02494  ADD
02495  PUSH2 0x1e0
02498  MLOAD
02499  DUP8
0249a  MUL
0249b  ADD
0249c  SWAP8
0249d  PUSH2 0x280
024a0  MLOAD
024a1  MUL
024a2  SWAP1
024a3  PUSH2 0x220
024a6  MLOAD
024a7  MUL
024a8  ADD
024a9  SWAP1
024aa  PUSH2 0x240
024ad  MLOAD
024ae  MUL
024af  ADD
024b0  SWAP1
024b1  PUSH2 0x200
024b4  MLOAD
024b5  MUL
024b6  ADD
024b7  SWAP1
024b8  PUSH2 0x2a0
024bb  MLOAD
024bc  MUL
024bd  ADD
024be  SWAP1
024bf  PUSH2 0x260
024c2  MLOAD
024c3  MUL
024c4  ADD
024c5  SWAP1
024c6  PUSH2 0x2e0
024c9  MLOAD
024ca  MUL
024cb  ADD
024cc  SWAP1
024cd  PUSH2 0x2c0
024d0  MLOAD
024d1  MUL
024d2  ADD
024d3  PUSH19 0x6f18f8d7751b3ef900000c97309d7f6d972d2   ; round 15 group 2 init
024e7  ADD
024e8  DUP1
024e9  PUSH11 0xfffffffffffffffffffff
024f5  AND
024f6  DUP1
024f7  DUP2
024f8  MUL
024f9  PUSH8 0xffffffff00000001
02502  SWAP1
02503  DUP3
02504  MULMOD
02505  DUP1
02506  MUL
02507  PUSH8 0xffffffff00000001
02510  SWAP2
02511  MULMOD
02512  SWAP1
02513  PUSH1 0x54
02515  SHR
02516  DUP1
02517  DUP2
02518  MUL
02519  PUSH8 0xffffffff00000001
02522  SWAP1
02523  DUP3
02524  MULMOD
02525  DUP1
02526  MUL
02527  PUSH8 0xffffffff00000001
02530  SWAP2
02531  MULMOD
02532  DUP3
02533  PUSH11 0xfffffffffffffffffffff
0253f  AND
02540  DUP1
02541  DUP2
02542  MUL
02543  PUSH8 0xffffffff00000001
0254c  SWAP1
0254d  DUP3
0254e  MULMOD
0254f  DUP1
02550  MUL
02551  PUSH8 0xffffffff00000001
0255a  SWAP2
0255b  MULMOD
0255c  DUP4
0255d  PUSH1 0x54
0255f  SHR
02560  PUSH11 0xfffffffffffffffffffff
0256c  AND
0256d  DUP1
0256e  DUP2
0256f  MUL
02570  PUSH8 0xffffffff00000001
02579  SWAP1
0257a  DUP3
0257b  MULMOD
0257c  DUP1
0257d  MUL
0257e  PUSH8 0xffffffff00000001
02587  SWAP2
02588  MULMOD
02589  SWAP4
0258a  PUSH1 0xa8
0258c  SHR
0258d  DUP1
0258e  DUP2
0258f  MUL
02590  PUSH8 0xffffffff00000001
02599  SWAP1
0259a  DUP3
0259b  MULMOD
0259c  DUP1
0259d  MUL
0259e  PUSH8 0xffffffff00000001
025a7  SWAP2
025a8  MULMOD
025a9  DUP6
025aa  PUSH11 0xfffffffffffffffffffff
025b6  AND
025b7  DUP1
025b8  DUP2
025b9  MUL
025ba  PUSH8 0xffffffff00000001
025c3  SWAP1
025c4  DUP3
025c5  MULMOD
025c6  DUP1
025c7  MUL
025c8  PUSH8 0xffffffff00000001
025d1  SWAP2
025d2  MULMOD
025d3  DUP7
025d4  PUSH1 0x54
025d6  SHR
025d7  PUSH11 0xfffffffffffffffffffff
025e3  AND
025e4  DUP1
025e5  DUP2
025e6  MUL
025e7  PUSH8 0xffffffff00000001
025f0  SWAP1
025f1  DUP3
025f2  MULMOD
025f3  DUP1
025f4  MUL
025f5  PUSH8 0xffffffff00000001
025fe  SWAP2
025ff  MULMOD
02600  SWAP7
02601  PUSH1 0xa8
02603  SHR
02604  DUP1
02605  DUP2
02606  MUL
02607  PUSH8 0xffffffff00000001
02610  SWAP1
02611  DUP3
02612  MULMOD
02613  DUP1
02614  MUL
02615  PUSH8 0xffffffff00000001
0261e  SWAP2
0261f  MULMOD
02620  PUSH29 0xec07c0164a4dbc71000004bb0005c542084aa000009b2e85c9ddaa15c2   ; round 16 group 0 init
0263e  PUSH1 0x0
02640  MLOAD
02641  DUP4
02642  MUL
02643  ADD
02644  PUSH1 0x20
02646  MLOAD
02647  DUP10
02648  MUL
02649  ADD
0264a  PUSH1 0x40
0264c  MLOAD
0264d  DUP3
0264e  MUL
0264f  ADD
02650  PUSH1 0x60
02652  MLOAD
02653  DUP6
02654  MUL
02655  ADD
02656  PUSH1 0x80
02658  MLOAD
02659  DUP9
0265a  MUL
0265b  ADD
0265c  PUSH1 0xa0
0265e  MLOAD
0265f  DUP5
02660  MUL
02661  ADD
02662  PUSH1 0xc0
02664  MLOAD
02665  DUP8
02666  MUL
02667  ADD
02668  PUSH1 0xe0
0266a  MLOAD
0266b  DUP7
0266c  MUL
0266d  ADD
0266e  SWAP8
0266f  PUSH29 0x77da3c05b72876a2000007ccda058bef3a25b0000020eb91b39213bc49   ; round 16 group 1 init
0268d  PUSH2 0x100
02690  MLOAD
02691  DUP5
02692  MUL
02693  ADD
02694  PUSH2 0x120
02697  MLOAD
02698  DUP3
02699  MUL
0269a  ADD
0269b  PUSH2 0x140
0269e  MLOAD
0269f  DUP4
026a0  MUL
026a1  ADD
026a2  PUSH2 0x160
026a5  MLOAD
026a6  DUP7
026a7  MUL
026a8  ADD
026a9  PUSH2 0x180
026ac  MLOAD
026ad  DUP10
026ae  MUL
026af  ADD
026b0  PUSH2 0x1a0
026b3  MLOAD
026b4  DUP6
026b5  MUL
026b6  ADD
026b7  PUSH2 0x1c0
026ba  MLOAD
026bb  DUP9
026bc  MUL
026bd  ADD
026be  PUSH2 0x1e0
026c1  MLOAD
026c2  DUP8
026c3  MUL
026c4  ADD
026c5  SWAP8
026c6  PUSH2 0x280
026c9  MLOAD
026ca  MUL
026cb  SWAP1
026cc  PUSH2 0x220
026cf  MLOAD
026d0  MUL
026d1  ADD
026d2  SWAP1
026d3  PUSH2 0x240
026d6  MLOAD
026d7  MUL
026d8  ADD
026d9  SWAP1
026da  PUSH2 0x200
026dd  MLOAD
026de  MUL
026df  ADD
026e0  SWAP1
026e1  PUSH2 0x2a0
026e4  MLOAD
026e5  MUL
026e6  ADD
026e7  SWAP1
026e8  PUSH2 0x260
026eb  MLOAD
026ec  MUL
026ed  ADD
026ee  SWAP1
026ef  PUSH2 0x2e0
026f2  MLOAD
026f3  MUL
026f4  ADD
026f5  SWAP1
026f6  PUSH2 0x2c0
026f9  MLOAD
026fa  MUL
026fb  ADD
026fc  PUSH19 0x7d91803985c7b9a100000c9b86d82ad4403f4   ; round 16 group 2 init
02710  ADD
02711  DUP1
02712  PUSH11 0xfffffffffffffffffffff
0271e  AND
0271f  DUP1
02720  DUP2
02721  MUL
02722  PUSH8 0xffffffff00000001
0272b  SWAP1
0272c  DUP3
0272d  MULMOD
0272e  DUP1
0272f  MUL
02730  PUSH8 0xffffffff00000001
02739  SWAP2
0273a  MULMOD
0273b  SWAP1
0273c  PUSH1 0x54
0273e  SHR
0273f  DUP1
02740  DUP2
02741  MUL
02742  PUSH8 0xffffffff00000001
0274b  SWAP1
0274c  DUP3
0274d  MULMOD
0274e  DUP1
0274f  MUL
02750  PUSH8 0xffffffff00000001
02759  SWAP2
0275a  MULMOD
0275b  DUP3
0275c  PUSH11 0xfffffffffffffffffffff
02768  AND
02769  DUP1
0276a  DUP2
0276b  MUL
0276c  PUSH8 0xffffffff00000001
02775  SWAP1
02776  DUP3
02777  MULMOD
02778  DUP1
02779  MUL
0277a  PUSH8 0xffffffff00000001
02783  SWAP2
02784  MULMOD
02785  DUP4
02786  PUSH1 0x54
02788  SHR
02789  PUSH11 0xfffffffffffffffffffff
02795  AND
02796  DUP1
02797  DUP2
02798  MUL
02799  PUSH8 0xffffffff00000001
027a2  SWAP1
027a3  DUP3
027a4  MULMOD
027a5  DUP1
027a6  MUL
027a7  PUSH8 0xffffffff00000001
027b0  SWAP2
027b1  MULMOD
027b2  SWAP4
027b3  PUSH1 0xa8
027b5  SHR
027b6  DUP1
027b7  DUP2
027b8  MUL
027b9  PUSH8 0xffffffff00000001
027c2  SWAP1
027c3  DUP3
027c4  MULMOD
027c5  DUP1
027c6  MUL
027c7  PUSH8 0xffffffff00000001
027d0  SWAP2
027d1  MULMOD
027d2  DUP6
027d3  PUSH11 0xfffffffffffffffffffff
027df  AND
027e0  DUP1
027e1  DUP2
027e2  MUL
027e3  PUSH8 0xffffffff00000001
027ec  SWAP1
027ed  DUP3
027ee  MULMOD
027ef  DUP1
027f0  MUL
027f1  PUSH8 0xffffffff00000001
027fa  SWAP2
027fb  MULMOD
027fc  DUP7
027fd  PUSH1 0x54
027ff  SHR
02800  PUSH11 0xfffffffffffffffffffff
0280c  AND
0280d  DUP1
0280e  DUP2
0280f  MUL
02810  PUSH8 0xffffffff00000001
02819  SWAP1
0281a  DUP3
0281b  MULMOD
0281c  DUP1
0281d  MUL
0281e  PUSH8 0xffffffff00000001
02827  SWAP2
02828  MULMOD
02829  SWAP7
0282a  PUSH1 0xa8
0282c  SHR
0282d  DUP1
0282e  DUP2
0282f  MUL
02830  PUSH8 0xffffffff00000001
02839  SWAP1
0283a  DUP3
0283b  MULMOD
0283c  DUP1
0283d  MUL
0283e  PUSH8 0xffffffff00000001
02847  SWAP2
02848  MULMOD
02849  PUSH29 0x620757f8d10a8d9f00000d698a2685bfa8d430000045111648e323a81d   ; round 17 group 0 init
02867  PUSH1 0x0
02869  MLOAD
0286a  DUP4
0286b  MUL
0286c  ADD
0286d  PUSH1 0x20
0286f  MLOAD
02870  DUP10
02871  MUL
02872  ADD
02873  PUSH1 0x40
02875  MLOAD
02876  DUP3
02877  MUL
02878  ADD
02879  PUSH1 0x60
0287b  MLOAD
0287c  DUP6
0287d  MUL
0287e  ADD
0287f  PUSH1 0x80
02881  MLOAD
02882  DUP9
02883  MUL
02884  ADD
02885  PUSH1 0xa0
02887  MLOAD
02888  DUP5
02889  MUL
0288a  ADD
0288b  PUSH1 0xc0
0288d  MLOAD
0288e  DUP8
0288f  MUL
02890  ADD
02891  PUSH1 0xe0
02893  MLOAD
02894  DUP7
02895  MUL
02896  ADD
02897  SWAP8
02898  PUSH29 0xc790750a2afbf285000003452a589e51bd14800000cb3eba6f7d54e807   ; round 17 group 1 init
028b6  PUSH2 0x100
028b9  MLOAD
028ba  DUP5
028bb  MUL
028bc  ADD
028bd  PUSH2 0x120
028c0  MLOAD
028c1  DUP3
028c2  MUL
028c3  ADD
028c4  PUSH2 0x140
028c7  MLOAD
028c8  DUP4
028c9  MUL
028ca  ADD
028cb  PUSH2 0x160
028ce  MLOAD
028cf  DUP7
028d0  MUL
028d1  ADD
028d2  PUSH2 0x180
028d5  MLOAD
028d6  DUP10
028d7  MUL
028d8  ADD
028d9  PUSH2 0x1a0
028dc  MLOAD
028dd  DUP6
028de  MUL
028df  ADD
028e0  PUSH2 0x1c0
028e3  MLOAD
028e4  DUP9
028e5  MUL
028e6  ADD
028e7  PUSH2 0x1e0
028ea  MLOAD
028eb  DUP8
028ec  MUL
028ed  ADD
028ee  SWAP8
028ef  PUSH2 0x280
028f2  MLOAD
028f3  MUL
028f4  SWAP1
028f5  PUSH2 0x220
028f8  MLOAD
028f9  MUL
028fa  ADD
028fb  SWAP1
028fc  PUSH2 0x240
028ff  MLOAD
02900  MUL
02901  ADD
02902  SWAP1
02903  PUSH2 0x200
02906  MLOAD
02907  MUL
02908  ADD
02909  SWAP1
0290a  PUSH2 0x2a0
0290d  MLOAD
0290e  MUL
0290f  ADD
02910  SWAP1
02911  PUSH2 0x260
02914  MLOAD
02915  MUL
02916  ADD
02917  SWAP1
02918  PUSH2 0x2e0
0291b  MLOAD
0291c  MUL
0291d  ADD
0291e  SWAP1
0291f  PUSH2 0x2c0
02922  MLOAD
02923  MUL
02924  ADD
02925  PUSH19 0x828a04dc22ec1627000000ee6c0a3e57e49f5   ; round 17 group 2 init
02939  ADD
0293a  DUP1
0293b  PUSH11 0xfffffffffffffffffffff
02947  AND
02948  DUP1
02949  DUP2
0294a  MUL
0294b  PUSH8 0xffffffff00000001
02954  SWAP1
02955  DUP3
02956  MULMOD
02957  DUP1
02958  MUL
02959  PUSH8 0xffffffff00000001
02962  SWAP2
02963  MULMOD
02964  SWAP1
02965  PUSH1 0x54
02967  SHR
02968  DUP1
02969  DUP2
0296a  MUL
0296b  PUSH8 0xffffffff00000001
02974  SWAP1
02975  DUP3
02976  MULMOD
02977  DUP1
02978  MUL
02979  PUSH8 0xffffffff00000001
02982  SWAP2
02983  MULMOD
02984  DUP3
02985  PUSH11 0xfffffffffffffffffffff
02991  AND
02992  DUP1
02993  DUP2
02994  MUL
02995  PUSH8 0xffffffff00000001
0299e  SWAP1
0299f  DUP3
029a0  MULMOD
029a1  DUP1
029a2  MUL
029a3  PUSH8 0xffffffff00000001
029ac  SWAP2
029ad  MULMOD
029ae  DUP4
029af  PUSH1 0x54
029b1  SHR
029b2  PUSH11 0xfffffffffffffffffffff
029be  AND
029bf  DUP1
029c0  DUP2
029c1  MUL
029c2  PUSH8 0xffffffff00000001
029cb  SWAP1
029cc  DUP3
029cd  MULMOD
029ce  DUP1
029cf  MUL
029d0  PUSH8 0xffffffff00000001
029d9  SWAP2
029da  MULMOD
029db  SWAP4
029dc  PUSH1 0xa8
029de  SHR
029df  DUP1
029e0  DUP2
029e1  MUL
029e2  PUSH8 0xffffffff00000001
029eb  SWAP1
029ec  DUP3
029ed  MULMOD
029ee  DUP1
029ef  MUL
029f0  PUSH8 0xffffffff00000001
029f9  SWAP2
029fa  MULMOD
029fb  DUP6
029fc  PUSH11 0xfffffffffffffffffffff
02a08  AND
02a09  DUP1
02a0a  DUP2
02a0b  MUL
02a0c  PUSH8 0xffffffff00000001
02a15  SWAP1
02a16  DUP3
02a17  MULMOD
02a18  DUP1
02a19  MUL
02a1a  PUSH8 0xffffffff00000001
02a23  SWAP2
02a24  MULMOD
02a25  DUP7
02a26  PUSH1 0x54
02a28  SHR
02a29  PUSH11 0xfffffffffffffffffffff
02a35  AND
02a36  DUP1
02a37  DUP2
02a38  MUL
02a39  PUSH8 0xffffffff00000001
02a42  SWAP1
02a43  DUP3
02a44  MULMOD
02a45  DUP1
02a46  MUL
02a47  PUSH8 0xffffffff00000001
02a50  SWAP2
02a51  MULMOD
02a52  SWAP7
02a53  PUSH1 0xa8
02a55  SHR
02a56  DUP1
02a57  DUP2
02a58  MUL
02a59  PUSH8 0xffffffff00000001
02a62  SWAP1
02a63  DUP3
02a64  MULMOD
02a65  DUP1
02a66  MUL
02a67  PUSH8 0xffffffff00000001
02a70  SWAP2
02a71  MULMOD
02a72  PUSH29 0xfea0b1bc128cb4f9000003209d2adac42a89600000cf3bf3bd41f71352   ; round 18 group 0 init
02a90  PUSH1 0x0
02a92  MLOAD
02a93  DUP4
02a94  MUL
02a95  ADD
02a96  PUSH1 0x20
02a98  MLOAD
02a99  DUP10
02a9a  MUL
02a9b  ADD
02a9c  PUSH1 0x40
02a9e  MLOAD
02a9f  DUP3
02aa0  MUL
02aa1  ADD
02aa2  PUSH1 0x60
02aa4  MLOAD
02aa5  DUP6
02aa6  MUL
02aa7  ADD
02aa8  PUSH1 0x80
02aaa  MLOAD
02aab  DUP9
02aac  MUL
02aad  ADD
02aae  PUSH1 0xa0
02ab0  MLOAD
02ab1  DUP5
02ab2  MUL
02ab3  ADD
02ab4  PUSH1 0xc0
02ab6  MLOAD
02ab7  DUP8
02ab8  MUL
02ab9  ADD
02aba  PUSH1 0xe0
02abc  MLOAD
02abd  DUP7
02abe  MUL
02abf  ADD
02ac0  SWAP8
02ac1  PUSH28 0xb7630fb5e72c510000028d98c03e5a26191000008972d654d60e467f   ; round 18 group 1 init
02ade  PUSH2 0x100
02ae1  MLOAD
02ae2  DUP5
02ae3  MUL
02ae4  ADD
02ae5  PUSH2 0x120
02ae8  MLOAD
02ae9  DUP3
02aea  MUL
02aeb  ADD
02aec  PUSH2 0x140
02aef  MLOAD
02af0  DUP4
02af1  MUL
02af2  ADD
02af3  PUSH2 0x160
02af6  MLOAD
02af7  DUP7
02af8  MUL
02af9  ADD
02afa  PUSH2 0x180
02afd  MLOAD
02afe  DUP10
02aff  MUL
02b00  ADD
02b01  PUSH2 0x1a0
02b04  MLOAD
02b05  DUP6
02b06  MUL
02b07  ADD
02b08  PUSH2 0x1c0
02b0b  MLOAD
02b0c  DUP9
02b0d  MUL
02b0e  ADD
02b0f  PUSH2 0x1e0
02b12  MLOAD
02b13  DUP8
02b14  MUL
02b15  ADD
02b16  SWAP8
02b17  PUSH2 0x280
02b1a  MLOAD
02b1b  MUL
02b1c  SWAP1
02b1d  PUSH2 0x220
02b20  MLOAD
02b21  MUL
02b22  ADD
02b23  SWAP1
02b24  PUSH2 0x240
02b27  MLOAD
02b28  MUL
02b29  ADD
02b2a  SWAP1
02b2b  PUSH2 0x200
02b2e  MLOAD
02b2f  MUL
02b30  ADD
02b31  SWAP1
02b32  PUSH2 0x2a0
02b35  MLOAD
02b36  MUL
02b37  ADD
02b38  SWAP1
02b39  PUSH2 0x260
02b3c  MLOAD
02b3d  MUL
02b3e  ADD
02b3f  SWAP1
02b40  PUSH2 0x2e0
02b43  MLOAD
02b44  MUL
02b45  ADD
02b46  SWAP1
02b47  PUSH2 0x2c0
02b4a  MLOAD
02b4b  MUL
02b4c  ADD
02b4d  PUSH19 0x620068e28faaa4f400000a0a5753569b06354   ; round 18 group 2 init
02b61  ADD
02b62  DUP1
02b63  PUSH11 0xfffffffffffffffffffff
02b6f  AND
02b70  DUP1
02b71  DUP2
02b72  MUL
02b73  PUSH8 0xffffffff00000001
02b7c  SWAP1
02b7d  DUP3
02b7e  MULMOD
02b7f  DUP1
02b80  MUL
02b81  PUSH8 0xffffffff00000001
02b8a  SWAP2
02b8b  MULMOD
02b8c  SWAP1
02b8d  PUSH1 0x54
02b8f  SHR
02b90  DUP1
02b91  DUP2
02b92  MUL
02b93  PUSH8 0xffffffff00000001
02b9c  SWAP1
02b9d  DUP3
02b9e  MULMOD
02b9f  DUP1
02ba0  MUL
02ba1  PUSH8 0xffffffff00000001
02baa  SWAP2
02bab  MULMOD
02bac  DUP3
02bad  PUSH11 0xfffffffffffffffffffff
02bb9  AND
02bba  DUP1
02bbb  DUP2
02bbc  MUL
02bbd  PUSH8 0xffffffff00000001
02bc6  SWAP1
02bc7  DUP3
02bc8  MULMOD
02bc9  DUP1
02bca  MUL
02bcb  PUSH8 0xffffffff00000001
02bd4  SWAP2
02bd5  MULMOD
02bd6  DUP4
02bd7  PUSH1 0x54
02bd9  SHR
02bda  PUSH11 0xfffffffffffffffffffff
02be6  AND
02be7  DUP1
02be8  DUP2
02be9  MUL
02bea  PUSH8 0xffffffff00000001
02bf3  SWAP1
02bf4  DUP3
02bf5  MULMOD
02bf6  DUP1
02bf7  MUL
02bf8  PUSH8 0xffffffff00000001
02c01  SWAP2
02c02  MULMOD
02c03  SWAP4
02c04  PUSH1 0xa8
02c06  SHR
02c07  DUP1
02c08  DUP2
02c09  MUL
02c0a  PUSH8 0xffffffff00000001
02c13  SWAP1
02c14  DUP3
02c15  MULMOD
02c16  DUP1
02c17  MUL
02c18  PUSH8 0xffffffff00000001
02c21  SWAP2
02c22  MULMOD
02c23  DUP6
02c24  PUSH11 0xfffffffffffffffffffff
02c30  AND
02c31  DUP1
02c32  DUP2
02c33  MUL
02c34  PUSH8 0xffffffff00000001
02c3d  SWAP1
02c3e  DUP3
02c3f  MULMOD
02c40  DUP1
02c41  MUL
02c42  PUSH8 0xffffffff00000001
02c4b  SWAP2
02c4c  MULMOD
02c4d  DUP7
02c4e  PUSH1 0x54
02c50  SHR
02c51  PUSH11 0xfffffffffffffffffffff
02c5d  AND
02c5e  DUP1
02c5f  DUP2
02c60  MUL
02c61  PUSH8 0xffffffff00000001
02c6a  SWAP1
02c6b  DUP3
02c6c  MULMOD
02c6d  DUP1
02c6e  MUL
02c6f  PUSH8 0xffffffff00000001
02c78  SWAP2
02c79  MULMOD
02c7a  SWAP7
02c7b  PUSH1 0xa8
02c7d  SHR
02c7e  DUP1
02c7f  DUP2
02c80  MUL
02c81  PUSH8 0xffffffff00000001
02c8a  SWAP1
02c8b  DUP3
02c8c  MULMOD
02c8d  DUP1
02c8e  MUL
02c8f  PUSH8 0xffffffff00000001
02c98  SWAP2
02c99  MULMOD
02c9a  PUSH29 0x4282667dd06fef290000085475ed13d1c199e0000023a00ea6ed9ecb80   ; round 19 group 0 init
02cb8  PUSH1 0x0
02cba  MLOAD
02cbb  DUP4
02cbc  MUL
02cbd  ADD
02cbe  PUSH1 0x20
02cc0  MLOAD
02cc1  DUP10
02cc2  MUL
02cc3  ADD
02cc4  PUSH1 0x40
02cc6  MLOAD
02cc7  DUP3
02cc8  MUL
02cc9  ADD
02cca  PUSH1 0x60
02ccc  MLOAD
02ccd  DUP6
02cce  MUL
02ccf  ADD
02cd0  PUSH1 0x80
02cd2  MLOAD
02cd3  DUP9
02cd4  MUL
02cd5  ADD
02cd6  PUSH1 0xa0
02cd8  MLOAD
02cd9  DUP5
02cda  MUL
02cdb  ADD
02cdc  PUSH1 0xc0
02cde  MLOAD
02cdf  DUP8
02ce0  MUL
02ce1  ADD
02ce2  PUSH1 0xe0
02ce4  MLOAD
02ce5  DUP7
02ce6  MUL
02ce7  ADD
02ce8  SWAP8
02ce9  PUSH29 0xe383ae091fa03355000008dec94421ea01607000007e5af9bc1b80866a   ; round 19 group 1 init
02d07  PUSH2 0x100
02d0a  MLOAD
02d0b  DUP5
02d0c  MUL
02d0d  ADD
02d0e  PUSH2 0x120
02d11  MLOAD
02d12  DUP3
02d13  MUL
02d14  ADD
02d15  PUSH2 0x140
02d18  MLOAD
02d19  DUP4
02d1a  MUL
02d1b  ADD
02d1c  PUSH2 0x160
02d1f  MLOAD
02d20  DUP7
02d21  MUL
02d22  ADD
02d23  PUSH2 0x180
02d26  MLOAD
02d27  DUP10
02d28  MUL
02d29  ADD
02d2a  PUSH2 0x1a0
02d2d  MLOAD
02d2e  DUP6
02d2f  MUL
02d30  ADD
02d31  PUSH2 0x1c0
02d34  MLOAD
02d35  DUP9
02d36  MUL
02d37  ADD
02d38  PUSH2 0x1e0
02d3b  MLOAD
02d3c  DUP8
02d3d  MUL
02d3e  ADD
02d3f  SWAP8
02d40  PUSH2 0x280
02d43  MLOAD
02d44  MUL
02d45  SWAP1
02d46  PUSH2 0x220
02d49  MLOAD
02d4a  MUL
02d4b  ADD
02d4c  SWAP1
02d4d  PUSH2 0x240
02d50  MLOAD
02d51  MUL
02d52  ADD
02d53  SWAP1
02d54  PUSH2 0x200
02d57  MLOAD
02d58  MUL
02d59  ADD
02d5a  SWAP1
02d5b  PUSH2 0x2a0
02d5e  MLOAD
02d5f  MUL
02d60  ADD
02d61  SWAP1
02d62  PUSH2 0x260
02d65  MLOAD
02d66  MUL
02d67  ADD
02d68  SWAP1
02d69  PUSH2 0x2e0
02d6c  MLOAD
02d6d  MUL
02d6e  ADD
02d6f  SWAP1
02d70  PUSH2 0x2c0
02d73  MLOAD
02d74  MUL
02d75  ADD
02d76  PUSH19 0xb234db3cf4c1780a0000062b3badbdd56ed5d   ; round 19 group 2 init
02d8a  ADD
02d8b  DUP1
02d8c  PUSH11 0xfffffffffffffffffffff
02d98  AND
02d99  DUP1
02d9a  DUP2
02d9b  MUL
02d9c  PUSH8 0xffffffff00000001
02da5  SWAP1
02da6  DUP3
02da7  MULMOD
02da8  DUP1
02da9  MUL
02daa  PUSH8 0xffffffff00000001
02db3  SWAP2
02db4  MULMOD
02db5  SWAP1
02db6  PUSH1 0x54
02db8  SHR
02db9  DUP1
02dba  DUP2
02dbb  MUL
02dbc  PUSH8 0xffffffff00000001
02dc5  SWAP1
02dc6  DUP3
02dc7  MULMOD
02dc8  DUP1
02dc9  MUL
02dca  PUSH8 0xffffffff00000001
02dd3  SWAP2
02dd4  MULMOD
02dd5  DUP3
02dd6  PUSH11 0xfffffffffffffffffffff
02de2  AND
02de3  DUP1
02de4  DUP2
02de5  MUL
02de6  PUSH8 0xffffffff00000001
02def  SWAP1
02df0  DUP3
02df1  MULMOD
02df2  DUP1
02df3  MUL
02df4  PUSH8 0xffffffff00000001
02dfd  SWAP2
02dfe  MULMOD
02dff  DUP4
02e00  PUSH1 0x54
02e02  SHR
02e03  PUSH11 0xfffffffffffffffffffff
02e0f  AND
02e10  DUP1
02e11  DUP2
02e12  MUL
02e13  PUSH8 0xffffffff00000001
02e1c  SWAP1
02e1d  DUP3
02e1e  MULMOD
02e1f  DUP1
02e20  MUL
02e21  PUSH8 0xffffffff00000001
02e2a  SWAP2
02e2b  MULMOD
02e2c  SWAP4
02e2d  PUSH1 0xa8
02e2f  SHR
02e30  DUP1
02e31  DUP2
02e32  MUL
02e33  PUSH8 0xffffffff00000001
02e3c  SWAP1
02e3d  DUP3
02e3e  MULMOD
02e3f  DUP1
02e40  MUL
02e41  PUSH8 0xffffffff00000001
02e4a  SWAP2
02e4b  MULMOD
02e4c  DUP6
02e4d  PUSH11 0xfffffffffffffffffffff
02e59  AND
02e5a  DUP1
02e5b  DUP2
02e5c  MUL
02e5d  PUSH8 0xffffffff00000001
02e66  SWAP1
02e67  DUP3
02e68  MULMOD
02e69  DUP1
02e6a  MUL
02e6b  PUSH8 0xffffffff00000001
02e74  SWAP2
02e75  MULMOD
02e76  DUP7
02e77  PUSH1 0x54
02e79  SHR
02e7a  PUSH11 0xfffffffffffffffffffff
02e86  AND
02e87  DUP1
02e88  DUP2
02e89  MUL
02e8a  PUSH8 0xffffffff00000001
02e93  SWAP1
02e94  DUP3
02e95  MULMOD
02e96  DUP1
02e97  MUL
02e98  PUSH8 0xffffffff00000001
02ea1  SWAP2
02ea2  MULMOD
02ea3  SWAP7
02ea4  PUSH1 0xa8
02ea6  SHR
02ea7  DUP1
02ea8  DUP2
02ea9  MUL
02eaa  PUSH8 0xffffffff00000001
02eb3  SWAP1
02eb4  DUP3
02eb5  MULMOD
02eb6  DUP1
02eb7  MUL
02eb8  PUSH8 0xffffffff00000001
02ec1  SWAP2
02ec2  MULMOD
02ec3  PUSH29 0x85d458c76b6eb3c700000c66aa9d02ade61f000000b32120f1c83e920f   ; round 20 group 0 init
02ee1  PUSH1 0x0
02ee3  MLOAD
02ee4  DUP4
02ee5  MUL
02ee6  ADD
02ee7  PUSH1 0x20
02ee9  MLOAD
02eea  DUP10
02eeb  MUL
02eec  ADD
02eed  PUSH1 0x40
02eef  MLOAD
02ef0  DUP3
02ef1  MUL
02ef2  ADD
02ef3  PUSH1 0x60
02ef5  MLOAD
02ef6  DUP6
02ef7  MUL
02ef8  ADD
02ef9  PUSH1 0x80
02efb  MLOAD
02efc  DUP9
02efd  MUL
02efe  ADD
02eff  PUSH1 0xa0
02f01  MLOAD
02f02  DUP5
02f03  MUL
02f04  ADD
02f05  PUSH1 0xc0
02f07  MLOAD
02f08  DUP8
02f09  MUL
02f0a  ADD
02f0b  PUSH1 0xe0
02f0d  MLOAD
02f0e  DUP7
02f0f  MUL
02f10  ADD
02f11  SWAP8
02f12  PUSH29 0x7ac5f1f9d888983000000968b7ede2af5023f00000d78be4394a7de8c3   ; round 20 group 1 init
02f30  PUSH2 0x100
02f33  MLOAD
02f34  DUP5
02f35  MUL
02f36  ADD
02f37  PUSH2 0x120
02f3a  MLOAD
02f3b  DUP3
02f3c  MUL
02f3d  ADD
02f3e  PUSH2 0x140
02f41  MLOAD
02f42  DUP4
02f43  MUL
02f44  ADD
02f45  PUSH2 0x160
02f48  MLOAD
02f49  DUP7
02f4a  MUL
02f4b  ADD
02f4c  PUSH2 0x180
02f4f  MLOAD
02f50  DUP10
02f51  MUL
02f52  ADD
02f53  PUSH2 0x1a0
02f56  MLOAD
02f57  DUP6
02f58  MUL
02f59  ADD
02f5a  PUSH2 0x1c0
02f5d  MLOAD
02f5e  DUP9
02f5f  MUL
02f60  ADD
02f61  PUSH2 0x1e0
02f64  MLOAD
02f65  DUP8
02f66  MUL
02f67  ADD
02f68  SWAP8
02f69  PUSH2 0x280
02f6c  MLOAD
02f6d  MUL
02f6e  SWAP1
02f6f  PUSH2 0x220
02f72  MLOAD
02f73  MUL
02f74  ADD
02f75  SWAP1
02f76  PUSH2 0x240
02f79  MLOAD
02f7a  MUL
02f7b  ADD
02f7c  SWAP1
02f7d  PUSH2 0x200
02f80  MLOAD
02f81  MUL
02f82  ADD
02f83  SWAP1
02f84  PUSH2 0x2a0
02f87  MLOAD
02f88  MUL
02f89  ADD
02f8a  SWAP1
02f8b  PUSH2 0x260
02f8e  MLOAD
02f8f  MUL
02f90  ADD
02f91  SWAP1
02f92  PUSH2 0x2e0
02f95  MLOAD
02f96  MUL
02f97  ADD
02f98  SWAP1
02f99  PUSH2 0x2c0
02f9c  MLOAD
02f9d  MUL
02f9e  ADD
02f9f  PUSH19 0x3a9e2eb45079279300000f2373c7fb3ce68b9   ; round 20 group 2 init
02fb3  ADD
02fb4  DUP1
02fb5  PUSH11 0xfffffffffffffffffffff
02fc1  AND
02fc2  DUP1
02fc3  DUP2
02fc4  MUL
02fc5  PUSH8 0xffffffff00000001
02fce  SWAP1
02fcf  DUP3
02fd0  MULMOD
02fd1  DUP1
02fd2  MUL
02fd3  PUSH8 0xffffffff00000001
02fdc  SWAP2
02fdd  MULMOD
02fde  SWAP1
02fdf  PUSH1 0x54
02fe1  SHR
02fe2  DUP1
02fe3  DUP2
02fe4  MUL
02fe5  PUSH8 0xffffffff00000001
02fee  SWAP1
02fef  DUP3
02ff0  MULMOD
02ff1  DUP1
02ff2  MUL
02ff3  PUSH8 0xffffffff00000001
02ffc  SWAP2
02ffd  MULMOD
02ffe  DUP3
02fff  PUSH11 0xfffffffffffffffffffff
0300b  AND
0300c  DUP1
0300d  DUP2
0300e  MUL
0300f  PUSH8 0xffffffff00000001
03018  SWAP1
03019  DUP3
0301a  MULMOD
0301b  DUP1
0301c  MUL
0301d  PUSH8 0xffffffff00000001
03026  SWAP2
03027  MULMOD
03028  DUP4
03029  PUSH1 0x54
0302b  SHR
0302c  PUSH11 0xfffffffffffffffffffff
03038  AND
03039  DUP1
0303a  DUP2
0303b  MUL
0303c  PUSH8 0xffffffff00000001
03045  SWAP1
03046  DUP3
03047  MULMOD
03048  DUP1
03049  MUL
0304a  PUSH8 0xffffffff00000001
03053  SWAP2
03054  MULMOD
03055  SWAP4
03056  PUSH1 0xa8
03058  SHR
03059  DUP1
0305a  DUP2
0305b  MUL
0305c  PUSH8 0xffffffff00000001
03065  SWAP1
03066  DUP3
03067  MULMOD
03068  DUP1
03069  MUL
0306a  PUSH8 0xffffffff00000001
03073  SWAP2
03074  MULMOD
03075  DUP6
03076  PUSH11 0xfffffffffffffffffffff
03082  AND
03083  DUP1
03084  DUP2
03085  MUL
03086  PUSH8 0xffffffff00000001
0308f  SWAP1
03090  DUP3
03091  MULMOD
03092  DUP1
03093  MUL
03094  PUSH8 0xffffffff00000001
0309d  SWAP2
0309e  MULMOD
0309f  DUP7
030a0  PUSH1 0x54
030a2  SHR
030a3  PUSH11 0xfffffffffffffffffffff
030af  AND
030b0  DUP1
030b1  DUP2
030b2  MUL
030b3  PUSH8 0xffffffff00000001
030bc  SWAP1
030bd  DUP3
030be  MULMOD
030bf  DUP1
030c0  MUL
030c1  PUSH8 0xffffffff00000001
030ca  SWAP2
030cb  MULMOD
030cc  SWAP7
030cd  PUSH1 0xa8
030cf  SHR
030d0  DUP1
030d1  DUP2
030d2  MUL
030d3  PUSH8 0xffffffff00000001
030dc  SWAP1
030dd  DUP3
030de  MULMOD
030df  DUP1
030e0  MUL
030e1  PUSH8 0xffffffff00000001
030ea  SWAP2
030eb  MULMOD
030ec  PUSH29 0x9a6e1fa35acbc51900000e8dbb3ca2d945dc200000b8fa73337ce11241   ; round 21 group 0 init
0310a  PUSH1 0x0
0310c  MLOAD
0310d  DUP4
0310e  MUL
0310f  ADD
03110  PUSH1 0x20
03112  MLOAD
03113  DUP10
03114  MUL
03115  ADD
03116  PUSH1 0x40
03118  MLOAD
03119  DUP3
0311a  MUL
0311b  ADD
0311c  PUSH1 0x60
0311e  MLOAD
0311f  DUP6
03120  MUL
03121  ADD
03122  PUSH1 0x80
03124  MLOAD
03125  DUP9
03126  MUL
03127  ADD
03128  PUSH1 0xa0
0312a  MLOAD
0312b  DUP5
0312c  MUL
0312d  ADD
0312e  PUSH1 0xc0
03130  MLOAD
03131  DUP8
03132  MUL
03133  ADD
03134  PUSH1 0xe0
03136  MLOAD
03137  DUP7
03138  MUL
03139  ADD
0313a  SWAP8
0313b  PUSH29 0xf5bb4bf24e70468300000c7674af718e05ccc00000351f669117438e3f   ; round 21 group 1 init
03159  PUSH2 0x100
0315c  MLOAD
0315d  DUP5
0315e  MUL
0315f  ADD
03160  PUSH2 0x120
03163  MLOAD
03164  DUP3
03165  MUL
03166  ADD
03167  PUSH2 0x140
0316a  MLOAD
0316b  DUP4
0316c  MUL
0316d  ADD
0316e  PUSH2 0x160
03171  MLOAD
03172  DUP7
03173  MUL
03174  ADD
03175  PUSH2 0x180
03178  MLOAD
03179  DUP10
0317a  MUL
0317b  ADD
0317c  PUSH2 0x1a0
0317f  MLOAD
03180  DUP6
03181  MUL
03182  ADD
03183  PUSH2 0x1c0
03186  MLOAD
03187  DUP9
03188  MUL
03189  ADD
0318a  PUSH2 0x1e0
0318d  MLOAD
0318e  DUP8
0318f  MUL
03190  ADD
03191  SWAP8
03192  PUSH2 0x280
03195  MLOAD
03196  MUL
03197  SWAP1
03198  PUSH2 0x220
0319b  MLOAD
0319c  MUL
0319d  ADD
0319e  SWAP1
0319f  PUSH2 0x240
031a2  MLOAD
031a3  MUL
031a4  ADD
031a5  SWAP1
031a6  PUSH2 0x200
031a9  MLOAD
031aa  MUL
031ab  ADD
031ac  SWAP1
031ad  PUSH2 0x2a0
031b0  MLOAD
031b1  MUL
031b2  ADD
031b3  SWAP1
031b4  PUSH2 0x260
031b7  MLOAD
031b8  MUL
031b9  ADD
031ba  SWAP1
031bb  PUSH2 0x2e0
031be  MLOAD
031bf  MUL
031c0  ADD
031c1  SWAP1
031c2  PUSH2 0x2c0
031c5  MLOAD
031c6  MUL
031c7  ADD
031c8  PUSH19 0x49b5a60256a32f440000026456aa36faf457a   ; round 21 group 2 init
031dc  ADD
031dd  DUP1
031de  PUSH11 0xfffffffffffffffffffff
031ea  AND
031eb  DUP1
031ec  DUP2
031ed  MUL
031ee  PUSH8 0xffffffff00000001
031f7  SWAP1
031f8  DUP3
031f9  MULMOD
031fa  DUP1
031fb  MUL
031fc  PUSH8 0xffffffff00000001
03205  SWAP2
03206  MULMOD
03207  SWAP1
03208  PUSH1 0x54
0320a  SHR
0320b  DUP1
0320c  DUP2
0320d  MUL
0320e  PUSH8 0xffffffff00000001
03217  SWAP1
03218  DUP3
03219  MULMOD
0321a  DUP1
0321b  MUL
0321c  PUSH8 0xffffffff00000001
03225  SWAP2
03226  MULMOD
03227  DUP3
03228  PUSH11 0xfffffffffffffffffffff
03234  AND
03235  DUP1
03236  DUP2
03237  MUL
03238  PUSH8 0xffffffff00000001
03241  SWAP1
03242  DUP3
03243  MULMOD
03244  DUP1
03245  MUL
03246  PUSH8 0xffffffff00000001
0324f  SWAP2
03250  MULMOD
03251  DUP4
03252  PUSH1 0x54
03254  SHR
03255  PUSH11 0xfffffffffffffffffffff
03261  AND
03262  DUP1
03263  DUP2
03264  MUL
03265  PUSH8 0xffffffff00000001
0326e  SWAP1
0326f  DUP3
03270  MULMOD
03271  DUP1
03272  MUL
03273  PUSH8 0xffffffff00000001
0327c  SWAP2
0327d  MULMOD
0327e  SWAP4
0327f  PUSH1 0xa8
03281  SHR
03282  DUP1
03283  DUP2
03284  MUL
03285  PUSH8 0xffffffff00000001
0328e  SWAP1
0328f  DUP3
03290  MULMOD
03291  DUP1
03292  MUL
03293  PUSH8 0xffffffff00000001
0329c  SWAP2
0329d  MULMOD
0329e  DUP6
0329f  PUSH11 0xfffffffffffffffffffff
032ab  AND
032ac  DUP1
032ad  DUP2
032ae  MUL
032af  PUSH8 0xffffffff00000001
032b8  SWAP1
032b9  DUP3
032ba  MULMOD
032bb  DUP1
032bc  MUL
032bd  PUSH8 0xffffffff00000001
032c6  SWAP2
032c7  MULMOD
032c8  DUP7
032c9  PUSH1 0x54
032cb  SHR
032cc  PUSH11 0xfffffffffffffffffffff
032d8  AND
032d9  DUP1
032da  DUP2
032db  MUL
032dc  PUSH8 0xffffffff00000001
032e5  SWAP1
032e6  DUP3
032e7  MULMOD
032e8  DUP1
032e9  MUL
032ea  PUSH8 0xffffffff00000001
032f3  SWAP2
032f4  MULMOD
032f5  SWAP7
032f6  PUSH1 0xa8
032f8  SHR
032f9  DUP1
032fa  DUP2
032fb  MUL
032fc  PUSH8 0xffffffff00000001
03305  SWAP1
03306  DUP3
03307  MULMOD
03308  DUP1
03309  MUL
0330a  PUSH8 0xffffffff00000001
03313  SWAP2
03314  MULMOD
03315  PUSH29 0x220a01681db85d14000003fac89fd71ec55c500000b4c3a856c80dbaa7   ; round 22 group 0 init
03333  PUSH1 0x0
03335  MLOAD
03336  DUP4
03337  MUL
03338  ADD
03339  PUSH1 0x20
0333b  MLOAD
0333c  DUP10
0333d  MUL
0333e  ADD
0333f  PUSH1 0x40
03341  MLOAD
03342  DUP3
03343  MUL
03344  ADD
03345  PUSH1 0x60
03347  MLOAD
03348  DUP6
03349  MUL
0334a  ADD
0334b  PUSH1 0x80
0334d  MLOAD
0334e  DUP9
0334f  MUL
03350  ADD
03351  PUSH1 0xa0
03353  MLOAD
03354  DUP5
03355  MUL
03356  ADD
03357  PUSH1 0xc0
03359  MLOAD
0335a  DUP8
0335b  MUL
0335c  ADD
0335d  PUSH1 0xe0
0335f  MLOAD
03360  DUP7
03361  MUL
03362  ADD
03363  SWAP8
03364  PUSH29 0x9bcf3d4f8c00d2830000093e5b667a63d497c0000093b6419f027e40f6   ; round 22 group 1 init
03382  PUSH2 0x100
03385  MLOAD
03386  DUP5
03387  MUL
03388  ADD
03389  PUSH2 0x120
0338c  MLOAD
0338d  DUP3
0338e  MUL
0338f  ADD
03390  PUSH2 0x140
03393  MLOAD
03394  DUP4
03395  MUL
03396  ADD
03397  PUSH2 0x160
0339a  MLOAD
0339b  DUP7
0339c  MUL
0339d  ADD
0339e  PUSH2 0x180
033a1  MLOAD
033a2  DUP10
033a3  MUL
033a4  ADD
033a5  PUSH2 0x1a0
033a8  MLOAD
033a9  DUP6
033aa  MUL
033ab  ADD
033ac  PUSH2 0x1c0
033af  MLOAD
033b0  DUP9
033b1  MUL
033b2  ADD
033b3  PUSH2 0x1e0
033b6  MLOAD
033b7  DUP8
033b8  MUL
033b9  ADD
033ba  SWAP8
033bb  PUSH2 0x280
033be  MLOAD
033bf  MUL
033c0  SWAP1
033c1  PUSH2 0x220
033c4  MLOAD
033c5  MUL
033c6  ADD
033c7  SWAP1
033c8  PUSH2 0x240
033cb  MLOAD
033cc  MUL
033cd  ADD
033ce  SWAP1
033cf  PUSH2 0x200
033d2  MLOAD
033d3  MUL
033d4  ADD
033d5  SWAP1
033d6  PUSH2 0x2a0
033d9  MLOAD
033da  MUL
033db  ADD
033dc  SWAP1
033dd  PUSH2 0x260
033e0  MLOAD
033e1  MUL
033e2  ADD
033e3  SWAP1
033e4  PUSH2 0x2e0
033e7  MLOAD
033e8  MUL
033e9  ADD
033ea  SWAP1
033eb  PUSH2 0x2c0
033ee  MLOAD
033ef  MUL
033f0  ADD
033f1  PUSH19 0xf3d5ff2131de768d0000031bc854cf1d96356   ; round 22 group 2 init
03405  ADD
03406  DUP1
03407  PUSH11 0xfffffffffffffffffffff
03413  AND
03414  DUP1
03415  DUP2
03416  MUL
03417  PUSH8 0xffffffff00000001
03420  SWAP1
03421  DUP3
03422  MULMOD
03423  DUP1
03424  MUL
03425  PUSH8 0xffffffff00000001
0342e  SWAP2
0342f  MULMOD
03430  SWAP1
03431  PUSH1 0x54
03433  SHR
03434  DUP1
03435  DUP2
03436  MUL
03437  PUSH8 0xffffffff00000001
03440  SWAP1
03441  DUP3
03442  MULMOD
03443  DUP1
03444  MUL
03445  PUSH8 0xffffffff00000001
0344e  SWAP2
0344f  MULMOD
03450  DUP3
03451  PUSH11 0xfffffffffffffffffffff
0345d  AND
0345e  DUP1
0345f  DUP2
03460  MUL
03461  PUSH8 0xffffffff00000001
0346a  SWAP1
0346b  DUP3
0346c  MULMOD
0346d  DUP1
0346e  MUL
0346f  PUSH8 0xffffffff00000001
03478  SWAP2
03479  MULMOD
0347a  DUP4
0347b  PUSH1 0x54
0347d  SHR
0347e  PUSH11 0xfffffffffffffffffffff
0348a  AND
0348b  DUP1
0348c  DUP2
0348d  MUL
0348e  PUSH8 0xffffffff00000001
03497  SWAP1
03498  DUP3
03499  MULMOD
0349a  DUP1
0349b  MUL
0349c  PUSH8 0xffffffff00000001
034a5  SWAP2
034a6  MULMOD
034a7  SWAP4
034a8  PUSH1 0xa8
034aa  SHR
034ab  DUP1
034ac  DUP2
034ad  MUL
034ae  PUSH8 0xffffffff00000001
034b7  SWAP1
034b8  DUP3
034b9  MULMOD
034ba  DUP1
034bb  MUL
034bc  PUSH8 0xffffffff00000001
034c5  SWAP2
034c6  MULMOD
034c7  DUP6
034c8  PUSH11 0xfffffffffffffffffffff
034d4  AND
034d5  DUP1
034d6  DUP2
034d7  MUL
034d8  PUSH8 0xffffffff00000001
034e1  SWAP1
034e2  DUP3
034e3  MULMOD
034e4  DUP1
034e5  MUL
034e6  PUSH8 0xffffffff00000001
034ef  SWAP2
034f0  MULMOD
034f1  DUP7
034f2  PUSH1 0x54
034f4  SHR
034f5  PUSH11 0xfffffffffffffffffffff
03501  AND
03502  DUP1
03503  DUP2
03504  MUL
03505  PUSH8 0xffffffff00000001
0350e  SWAP1
0350f  DUP3
03510  MULMOD
03511  DUP1
03512  MUL
03513  PUSH8 0xffffffff00000001
0351c  SWAP2
0351d  MULMOD
0351e  SWAP7
0351f  PUSH1 0xa8
03521  SHR
03522  DUP1
03523  DUP2
03524  MUL
03525  PUSH8 0xffffffff00000001
0352e  SWAP1
0352f  DUP3
03530  MULMOD
03531  DUP1
03532  MUL
03533  PUSH8 0xffffffff00000001
0353c  SWAP2
0353d  MULMOD
0353e  PUSH29 0xaef2d326dcf835db000003a03aab258fc1cfe00000ccdcdeb7d64d66b0   ; round 23 group 0 init
0355c  PUSH1 0x0
0355e  MLOAD
0355f  DUP4
03560  MUL
03561  ADD
03562  PUSH1 0x20
03564  MLOAD
03565  DUP10
03566  MUL
03567  ADD
03568  PUSH1 0x40
0356a  MLOAD
0356b  DUP3
0356c  MUL
0356d  ADD
0356e  PUSH1 0x60
03570  MLOAD
03571  DUP6
03572  MUL
03573  ADD
03574  PUSH1 0x80
03576  MLOAD
03577  DUP9
03578  MUL
03579  ADD
0357a  PUSH1 0xa0
0357c  MLOAD
0357d  DUP5
0357e  MUL
0357f  ADD
03580  PUSH1 0xc0
03582  MLOAD
03583  DUP8
03584  MUL
03585  ADD
03586  PUSH1 0xe0
03588  MLOAD
03589  DUP7
0358a  MUL
0358b  ADD
0358c  SWAP8
0358d  PUSH29 0xe9ec9188b9283f9c00000eaa76299b77adbe9000005f3593994fc96dd1   ; round 23 group 1 init
035ab  PUSH2 0x100
035ae  MLOAD
035af  DUP5
035b0  MUL
035b1  ADD
035b2  PUSH2 0x120
035b5  MLOAD
035b6  DUP3
035b7  MUL
035b8  ADD
035b9  PUSH2 0x140
035bc  MLOAD
035bd  DUP4
035be  MUL
035bf  ADD
035c0  PUSH2 0x160
035c3  MLOAD
035c4  DUP7
035c5  MUL
035c6  ADD
035c7  PUSH2 0x180
035ca  MLOAD
035cb  DUP10
035cc  MUL
035cd  ADD
035ce  PUSH2 0x1a0
035d1  MLOAD
035d2  DUP6
035d3  MUL
035d4  ADD
035d5  PUSH2 0x1c0
035d8  MLOAD
035d9  DUP9
035da  MUL
035db  ADD
035dc  PUSH2 0x1e0
035df  MLOAD
035e0  DUP8
035e1  MUL
035e2  ADD
035e3  SWAP8
035e4  PUSH2 0x280
035e7  MLOAD
035e8  MUL
035e9  SWAP1
035ea  PUSH2 0x220
035ed  MLOAD
035ee  MUL
035ef  ADD
035f0  SWAP1
035f1  PUSH2 0x240
035f4  MLOAD
035f5  MUL
035f6  ADD
035f7  SWAP1
035f8  PUSH2 0x200
035fb  MLOAD
035fc  MUL
035fd  ADD
035fe  SWAP1
035ff  PUSH2 0x2a0
03602  MLOAD
03603  MUL
03604  ADD
03605  SWAP1
03606  PUSH2 0x260
03609  MLOAD
0360a  MUL
0360b  ADD
0360c  SWAP1
0360d  PUSH2 0x2e0
03610  MLOAD
03611  MUL
03612  ADD
03613  SWAP1
03614  PUSH2 0x2c0
03617  MLOAD
03618  MUL
03619  ADD
0361a  PUSH18 0x2dfd163c1eccabb0000027c87c228040479d   ; round 23 group 2 init
0362d  ADD
0362e  DUP1
0362f  PUSH11 0xfffffffffffffffffffff
0363b  AND
0363c  DUP1
0363d  DUP2
0363e  MUL
0363f  PUSH8 0xffffffff00000001
03648  SWAP1
03649  DUP3
0364a  MULMOD
0364b  DUP1
0364c  MUL
0364d  PUSH8 0xffffffff00000001
03656  SWAP2
03657  MULMOD
03658  SWAP1
03659  PUSH1 0x54
0365b  SHR
0365c  DUP1
0365d  DUP2
0365e  MUL
0365f  PUSH8 0xffffffff00000001
03668  SWAP1
03669  DUP3
0366a  MULMOD
0366b  DUP1
0366c  MUL
0366d  PUSH8 0xffffffff00000001
03676  SWAP2
03677  MULMOD
03678  DUP3
03679  PUSH11 0xfffffffffffffffffffff
03685  AND
03686  DUP1
03687  DUP2
03688  MUL
03689  PUSH8 0xffffffff00000001
03692  SWAP1
03693  DUP3
03694  MULMOD
03695  DUP1
03696  MUL
03697  PUSH8 0xffffffff00000001
036a0  SWAP2
036a1  MULMOD
036a2  DUP4
036a3  PUSH1 0x54
036a5  SHR
036a6  PUSH11 0xfffffffffffffffffffff
036b2  AND
036b3  DUP1
036b4  DUP2
036b5  MUL
036b6  PUSH8 0xffffffff00000001
036bf  SWAP1
036c0  DUP3
036c1  MULMOD
036c2  DUP1
036c3  MUL
036c4  PUSH8 0xffffffff00000001
036cd  SWAP2
036ce  MULMOD
036cf  SWAP4
036d0  PUSH1 0xa8
036d2  SHR
036d3  DUP1
036d4  DUP2
036d5  MUL
036d6  PUSH8 0xffffffff00000001
036df  SWAP1
036e0  DUP3
036e1  MULMOD
036e2  DUP1
036e3  MUL
036e4  PUSH8 0xffffffff00000001
036ed  SWAP2
036ee  MULMOD
036ef  DUP6
036f0  PUSH11 0xfffffffffffffffffffff
036fc  AND
036fd  DUP1
036fe  DUP2
036ff  MUL
03700  PUSH8 0xffffffff00000001
03709  SWAP1
0370a  DUP3
0370b  MULMOD
0370c  DUP1
0370d  MUL
0370e  PUSH8 0xffffffff00000001
03717  SWAP2
03718  MULMOD
03719  DUP7
0371a  PUSH1 0x54
0371c  SHR
0371d  PUSH11 0xfffffffffffffffffffff
03729  AND
0372a  DUP1
0372b  DUP2
0372c  MUL
0372d  PUSH8 0xffffffff00000001
03736  SWAP1
03737  DUP3
03738  MULMOD
03739  DUP1
0373a  MUL
0373b  PUSH8 0xffffffff00000001
03744  SWAP2
03745  MULMOD
03746  SWAP7
03747  PUSH1 0xa8
03749  SHR
0374a  DUP1
0374b  DUP2
0374c  MUL
0374d  PUSH8 0xffffffff00000001
03756  SWAP1
03757  DUP3
03758  MULMOD
03759  DUP1
0375a  MUL
0375b  PUSH8 0xffffffff00000001
03764  SWAP2
03765  MULMOD
03766  PUSH29 0x344ffb1da2a887ab00000b0b9a08cb203dc66000002996dd1a61416dab   ; round 24 group 0 init
03784  PUSH1 0x0
03786  MLOAD
03787  DUP4
03788  MUL
03789  ADD
0378a  PUSH1 0x20
0378c  MLOAD
0378d  DUP10
0378e  MUL
0378f  ADD
03790  PUSH1 0x40
03792  MLOAD
03793  DUP3
03794  MUL
03795  ADD
03796  PUSH1 0x60
03798  MLOAD
03799  DUP6
0379a  MUL
0379b  ADD
0379c  PUSH1 0x80
0379e  MLOAD
0379f  DUP9
037a0  MUL
037a1  ADD
037a2  PUSH1 0xa0
037a4  MLOAD
037a5  DUP5
037a6  MUL
037a7  ADD
037a8  PUSH1 0xc0
037aa  MLOAD
037ab  DUP8
037ac  MUL
037ad  ADD
037ae  PUSH1 0xe0
037b0  MLOAD
037b1  DUP7
037b2  MUL
037b3  ADD
037b4  SWAP8
037b5  PUSH29 0x3533aede6840d74700000d55737f4e85dfc9e000009228fa992a5ed9aa   ; round 24 group 1 init
037d3  PUSH2 0x100
037d6  MLOAD
037d7  DUP5
037d8  MUL
037d9  ADD
037da  PUSH2 0x120
037dd  MLOAD
037de  DUP3
037df  MUL
037e0  ADD
037e1  PUSH2 0x140
037e4  MLOAD
037e5  DUP4
037e6  MUL
037e7  ADD
037e8  PUSH2 0x160
037eb  MLOAD
037ec  DUP7
037ed  MUL
037ee  ADD
037ef  PUSH2 0x180
037f2  MLOAD
037f3  DUP10
037f4  MUL
037f5  ADD
037f6  PUSH2 0x1a0
037f9  MLOAD
037fa  DUP6
037fb  MUL
037fc  ADD
037fd  PUSH2 0x1c0
03800  MLOAD
03801  DUP9
03802  MUL
03803  ADD
03804  PUSH2 0x1e0
03807  MLOAD
03808  DUP8
03809  MUL
0380a  ADD
0380b  SWAP8
0380c  PUSH2 0x280
0380f  MLOAD
03810  MUL
03811  SWAP1
03812  PUSH2 0x220
03815  MLOAD
03816  MUL
03817  ADD
03818  SWAP1
03819  PUSH2 0x240
0381c  MLOAD
0381d  MUL
0381e  ADD
0381f  SWAP1
03820  PUSH2 0x200
03823  MLOAD
03824  MUL
03825  ADD
03826  SWAP1
03827  PUSH2 0x2a0
0382a  MLOAD
0382b  MUL
0382c  ADD
0382d  SWAP1
0382e  PUSH2 0x260
03831  MLOAD
03832  MUL
03833  ADD
03834  SWAP1
03835  PUSH2 0x2e0
03838  MLOAD
03839  MUL
0383a  ADD
0383b  SWAP1
0383c  PUSH2 0x2c0
0383f  MLOAD
03840  MUL
03841  ADD
03842  PUSH19 0xc88c78ee043b587600000576f71a48e5adc35   ; round 24 group 2 init
03856  ADD
03857  DUP1
03858  PUSH11 0xfffffffffffffffffffff
03864  AND
03865  DUP1
03866  DUP2
03867  MUL
03868  PUSH8 0xffffffff00000001
03871  SWAP1
03872  DUP3
03873  MULMOD
03874  DUP1
03875  MUL
03876  PUSH8 0xffffffff00000001
0387f  SWAP2
03880  MULMOD
03881  SWAP1
03882  PUSH1 0x54
03884  SHR
03885  DUP1
03886  DUP2
03887  MUL
03888  PUSH8 0xffffffff00000001
03891  SWAP1
03892  DUP3
03893  MULMOD
03894  DUP1
03895  MUL
03896  PUSH8 0xffffffff00000001
0389f  SWAP2
038a0  MULMOD
038a1  DUP3
038a2  PUSH11 0xfffffffffffffffffffff
038ae  AND
038af  DUP1
038b0  DUP2
038b1  MUL
038b2  PUSH8 0xffffffff00000001
038bb  SWAP1
038bc  DUP3
038bd  MULMOD
038be  DUP1
038bf  MUL
038c0  PUSH8 0xffffffff00000001
038c9  SWAP2
038ca  MULMOD
038cb  DUP4
038cc  PUSH1 0x54
038ce  SHR
038cf  PUSH11 0xfffffffffffffffffffff
038db  AND
038dc  DUP1
038dd  DUP2
038de  MUL
038df  PUSH8 0xffffffff00000001
038e8  SWAP1
038e9  DUP3
038ea  MULMOD
038eb  DUP1
038ec  MUL
038ed  PUSH8 0xffffffff00000001
038f6  SWAP2
038f7  MULMOD
038f8  SWAP4
038f9  PUSH1 0xa8
038fb  SHR
038fc  DUP1
038fd  DUP2
038fe  MUL
038ff  PUSH8 0xffffffff00000001
03908  SWAP1
03909  DUP3
0390a  MULMOD
0390b  DUP1
0390c  MUL
0390d  PUSH8 0xffffffff00000001
03916  SWAP2
03917  MULMOD
03918  DUP6
03919  PUSH11 0xfffffffffffffffffffff
03925  AND
03926  DUP1
03927  DUP2
03928  MUL
03929  PUSH8 0xffffffff00000001
03932  SWAP1
03933  DUP3
03934  MULMOD
03935  DUP1
03936  MUL
03937  PUSH8 0xffffffff00000001
03940  SWAP2
03941  MULMOD
03942  DUP7
03943  PUSH1 0x54
03945  SHR
03946  PUSH11 0xfffffffffffffffffffff
03952  AND
03953  DUP1
03954  DUP2
03955  MUL
03956  PUSH8 0xffffffff00000001
0395f  SWAP1
03960  DUP3
03961  MULMOD
03962  DUP1
03963  MUL
03964  PUSH8 0xffffffff00000001
0396d  SWAP2
0396e  MULMOD
0396f  SWAP7
03970  PUSH1 0xa8
03972  SHR
03973  DUP1
03974  DUP2
03975  MUL
03976  PUSH8 0xffffffff00000001
0397f  SWAP1
03980  DUP3
03981  MULMOD
03982  DUP1
03983  MUL
03984  PUSH8 0xffffffff00000001
0398d  SWAP2
0398e  MULMOD
0398f  PUSH29 0x64eb79804555a46f00000ae29edec298238b30000061b50bc9eb24aa29   ; round 25 group 0 init
039ad  PUSH1 0x0
039af  MLOAD
039b0  DUP4
039b1  MUL
039b2  ADD
039b3  PUSH1 0x20
039b5  MLOAD
039b6  DUP10
039b7  MUL
039b8  ADD
039b9  PUSH1 0x40
039bb  MLOAD
039bc  DUP3
039bd  MUL
039be  ADD
039bf  PUSH1 0x60
039c1  MLOAD
039c2  DUP6
039c3  MUL
039c4  ADD
039c5  PUSH1 0x80
039c7  MLOAD
039c8  DUP9
039c9  MUL
039ca  ADD
039cb  PUSH1 0xa0
039cd  MLOAD
039ce  DUP5
039cf  MUL
039d0  ADD
039d1  PUSH1 0xc0
039d3  MLOAD
039d4  DUP8
039d5  MUL
039d6  ADD
039d7  PUSH1 0xe0
039d9  MLOAD
039da  DUP7
039db  MUL
039dc  ADD
039dd  SWAP8
039de  PUSH29 0x91ae30990cf5c00d00000cdb28612cce9b5590000056c25db79447a0ac   ; round 25 group 1 init
039fc  PUSH2 0x100
039ff  MLOAD
03a00  DUP5
03a01  MUL
03a02  ADD
03a03  PUSH2 0x120
03a06  MLOAD
03a07  DUP3
03a08  MUL
03a09  ADD
03a0a  PUSH2 0x140
03a0d  MLOAD
03a0e  DUP4
03a0f  MUL
03a10  ADD
03a11  PUSH2 0x160
03a14  MLOAD
03a15  DUP7
03a16  MUL
03a17  ADD
03a18  PUSH2 0x180
03a1b  MLOAD
03a1c  DUP10
03a1d  MUL
03a1e  ADD
03a1f  PUSH2 0x1a0
03a22  MLOAD
03a23  DUP6
03a24  MUL
03a25  ADD
03a26  PUSH2 0x1c0
03a29  MLOAD
03a2a  DUP9
03a2b  MUL
03a2c  ADD
03a2d  PUSH2 0x1e0
03a30  MLOAD
03a31  DUP8
03a32  MUL
03a33  ADD
03a34  SWAP8
03a35  PUSH2 0x280
03a38  MLOAD
03a39  MUL
03a3a  SWAP1
03a3b  PUSH2 0x220
03a3e  MLOAD
03a3f  MUL
03a40  ADD
03a41  SWAP1
03a42  PUSH2 0x240
03a45  MLOAD
03a46  MUL
03a47  ADD
03a48  SWAP1
03a49  PUSH2 0x200
03a4c  MLOAD
03a4d  MUL
03a4e  ADD
03a4f  SWAP1
03a50  PUSH2 0x2a0
03a53  MLOAD
03a54  MUL
03a55  ADD
03a56  SWAP1
03a57  PUSH2 0x260
03a5a  MLOAD
03a5b  MUL
03a5c  ADD
03a5d  SWAP1
03a5e  PUSH2 0x2e0
03a61  MLOAD
03a62  MUL
03a63  ADD
03a64  SWAP1
03a65  PUSH2 0x2c0
03a68  MLOAD
03a69  MUL
03a6a  ADD
03a6b  PUSH19 0x3c8055d957107637000002986bfa2a51a330f   ; round 25 group 2 init
03a7f  ADD
03a80  DUP1
03a81  PUSH11 0xfffffffffffffffffffff
03a8d  AND
03a8e  DUP1
03a8f  DUP2
03a90  MUL
03a91  PUSH8 0xffffffff00000001
03a9a  SWAP1
03a9b  DUP3
03a9c  MULMOD
03a9d  DUP1
03a9e  MUL
03a9f  PUSH8 0xffffffff00000001
03aa8  SWAP2
03aa9  MULMOD
03aaa  SWAP1
03aab  PUSH1 0x54
03aad  SHR
03aae  DUP1
03aaf  DUP2
03ab0  MUL
03ab1  PUSH8 0xffffffff00000001
03aba  SWAP1
03abb  DUP3
03abc  MULMOD
03abd  DUP1
03abe  MUL
03abf  PUSH8 0xffffffff00000001
03ac8  SWAP2
03ac9  MULMOD
03aca  DUP3
03acb  PUSH11 0xfffffffffffffffffffff
03ad7  AND
03ad8  DUP1
03ad9  DUP2
03ada  MUL
03adb  PUSH8 0xffffffff00000001
03ae4  SWAP1
03ae5  DUP3
03ae6  MULMOD
03ae7  DUP1
03ae8  MUL
03ae9  PUSH8 0xffffffff00000001
03af2  SWAP2
03af3  MULMOD
03af4  DUP4
03af5  PUSH1 0x54
03af7  SHR
03af8  PUSH11 0xfffffffffffffffffffff
03b04  AND
03b05  DUP1
03b06  DUP2
03b07  MUL
03b08  PUSH8 0xffffffff00000001
03b11  SWAP1
03b12  DUP3
03b13  MULMOD
03b14  DUP1
03b15  MUL
03b16  PUSH8 0xffffffff00000001
03b1f  SWAP2
03b20  MULMOD
03b21  SWAP4
03b22  PUSH1 0xa8
03b24  SHR
03b25  DUP1
03b26  DUP2
03b27  MUL
03b28  PUSH8 0xffffffff00000001
03b31  SWAP1
03b32  DUP3
03b33  MULMOD
03b34  DUP1
03b35  MUL
03b36  PUSH8 0xffffffff00000001
03b3f  SWAP2
03b40  MULMOD
03b41  DUP6
03b42  PUSH11 0xfffffffffffffffffffff
03b4e  AND
03b4f  DUP1
03b50  DUP2
03b51  MUL
03b52  PUSH8 0xffffffff00000001
03b5b  SWAP1
03b5c  DUP3
03b5d  MULMOD
03b5e  DUP1
03b5f  MUL
03b60  PUSH8 0xffffffff00000001
03b69  SWAP2
03b6a  MULMOD
03b6b  DUP7
03b6c  PUSH1 0x54
03b6e  SHR
03b6f  PUSH11 0xfffffffffffffffffffff
03b7b  AND
03b7c  DUP1
03b7d  DUP2
03b7e  MUL
03b7f  PUSH8 0xffffffff00000001
03b88  SWAP1
03b89  DUP3
03b8a  MULMOD
03b8b  DUP1
03b8c  MUL
03b8d  PUSH8 0xffffffff00000001
03b96  SWAP2
03b97  MULMOD
03b98  SWAP7
03b99  PUSH1 0xa8
03b9b  SHR
03b9c  DUP1
03b9d  DUP2
03b9e  MUL
03b9f  PUSH8 0xffffffff00000001
03ba8  SWAP1
03ba9  DUP3
03baa  MULMOD
03bab  DUP1
03bac  MUL
03bad  PUSH8 0xffffffff00000001
03bb6  SWAP2
03bb7  MULMOD
03bb8  PUSH29 0x82b79b6a1e061794000009b19bbe9291181a600000b8fa260ad742221d   ; round 26 group 0 init
03bd6  PUSH1 0x0
03bd8  MLOAD
03bd9  DUP4
03bda  MUL
03bdb  ADD
03bdc  PUSH1 0x20
03bde  MLOAD
03bdf  DUP10
03be0  MUL
03be1  ADD
03be2  PUSH1 0x40
03be4  MLOAD
03be5  DUP3
03be6  MUL
03be7  ADD
03be8  PUSH1 0x60
03bea  MLOAD
03beb  DUP6
03bec  MUL
03bed  ADD
03bee  PUSH1 0x80
03bf0  MLOAD
03bf1  DUP9
03bf2  MUL
03bf3  ADD
03bf4  PUSH1 0xa0
03bf6  MLOAD
03bf7  DUP5
03bf8  MUL
03bf9  ADD
03bfa  PUSH1 0xc0
03bfc  MLOAD
03bfd  DUP8
03bfe  MUL
03bff  ADD
03c00  PUSH1 0xe0
03c02  MLOAD
03c03  DUP7
03c04  MUL
03c05  ADD
03c06  SWAP8
03c07  PUSH29 0x703c6506ad0be290000001a6d77806c0e7d44000006125a922e9f0df9b   ; round 26 group 1 init
03c25  PUSH2 0x100
03c28  MLOAD
03c29  DUP5
03c2a  MUL
03c2b  ADD
03c2c  PUSH2 0x120
03c2f  MLOAD
03c30  DUP3
03c31  MUL
03c32  ADD
03c33  PUSH2 0x140
03c36  MLOAD
03c37  DUP4
03c38  MUL
03c39  ADD
03c3a  PUSH2 0x160
03c3d  MLOAD
03c3e  DUP7
03c3f  MUL
03c40  ADD
03c41  PUSH2 0x180
03c44  MLOAD
03c45  DUP10
03c46  MUL
03c47  ADD
03c48  PUSH2 0x1a0
03c4b  MLOAD
03c4c  DUP6
03c4d  MUL
03c4e  ADD
03c4f  PUSH2 0x1c0
03c52  MLOAD
03c53  DUP9
03c54  MUL
03c55  ADD
03c56  PUSH2 0x1e0
03c59  MLOAD
03c5a  DUP8
03c5b  MUL
03c5c  ADD
03c5d  SWAP8
03c5e  PUSH2 0x280
03c61  MLOAD
03c62  MUL
03c63  SWAP1
03c64  PUSH2 0x220
03c67  MLOAD
03c68  MUL
03c69  ADD
03c6a  SWAP1
03c6b  PUSH2 0x240
03c6e  MLOAD
03c6f  MUL
03c70  ADD
03c71  SWAP1
03c72  PUSH2 0x200
03c75  MLOAD
03c76  MUL
03c77  ADD
03c78  SWAP1
03c79  PUSH2 0x2a0
03c7c  MLOAD
03c7d  MUL
03c7e  ADD
03c7f  SWAP1
03c80  PUSH2 0x260
03c83  MLOAD
03c84  MUL
03c85  ADD
03c86  SWAP1
03c87  PUSH2 0x2e0
03c8a  MLOAD
03c8b  MUL
03c8c  ADD
03c8d  SWAP1
03c8e  PUSH2 0x2c0
03c91  MLOAD
03c92  MUL
03c93  ADD
03c94  PUSH19 0xb66568f4f93bb02a00000b3225a6c86002e25   ; round 26 group 2 init
03ca8  ADD
03ca9  DUP1
03caa  PUSH11 0xfffffffffffffffffffff
03cb6  AND
03cb7  DUP1
03cb8  DUP2
03cb9  MUL
03cba  PUSH8 0xffffffff00000001
03cc3  SWAP1
03cc4  DUP3
03cc5  MULMOD
03cc6  DUP1
03cc7  MUL
03cc8  PUSH8 0xffffffff00000001
03cd1  SWAP2
03cd2  MULMOD
03cd3  SWAP1
03cd4  PUSH1 0x54
03cd6  SHR
03cd7  DUP1
03cd8  DUP2
03cd9  MUL
03cda  PUSH8 0xffffffff00000001
03ce3  SWAP1
03ce4  DUP3
03ce5  MULMOD
03ce6  DUP1
03ce7  MUL
03ce8  PUSH8 0xffffffff00000001
03cf1  SWAP2
03cf2  MULMOD
03cf3  DUP3
03cf4  PUSH11 0xfffffffffffffffffffff
03d00  AND
03d01  DUP1
03d02  DUP2
03d03  MUL
03d04  PUSH8 0xffffffff00000001
03d0d  SWAP1
03d0e  DUP3
03d0f  MULMOD
03d10  DUP1
03d11  MUL
03d12  PUSH8 0xffffffff00000001
03d1b  SWAP2
03d1c  MULMOD
03d1d  DUP4
03d1e  PUSH1 0x54
03d20  SHR
03d21  PUSH11 0xfffffffffffffffffffff
03d2d  AND
03d2e  DUP1
03d2f  DUP2
03d30  MUL
03d31  PUSH8 0xffffffff00000001
03d3a  SWAP1
03d3b  DUP3
03d3c  MULMOD
03d3d  DUP1
03d3e  MUL
03d3f  PUSH8 0xffffffff00000001
03d48  SWAP2
03d49  MULMOD
03d4a  SWAP4
03d4b  PUSH1 0xa8
03d4d  SHR
03d4e  DUP1
03d4f  DUP2
03d50  MUL
03d51  PUSH8 0xffffffff00000001
03d5a  SWAP1
03d5b  DUP3
03d5c  MULMOD
03d5d  DUP1
03d5e  MUL
03d5f  PUSH8 0xffffffff00000001
03d68  SWAP2
03d69  MULMOD
03d6a  DUP6
03d6b  PUSH11 0xfffffffffffffffffffff
03d77  AND
03d78  DUP1
03d79  DUP2
03d7a  MUL
03d7b  PUSH8 0xffffffff00000001
03d84  SWAP1
03d85  DUP3
03d86  MULMOD
03d87  DUP1
03d88  MUL
03d89  PUSH8 0xffffffff00000001
03d92  SWAP2
03d93  MULMOD
03d94  DUP7
03d95  PUSH1 0x54
03d97  SHR
03d98  PUSH11 0xfffffffffffffffffffff
03da4  AND
03da5  DUP1
03da6  DUP2
03da7  MUL
03da8  PUSH8 0xffffffff00000001
03db1  SWAP1
03db2  DUP3
03db3  MULMOD
03db4  DUP1
03db5  MUL
03db6  PUSH8 0xffffffff00000001
03dbf  SWAP2
03dc0  MULMOD
03dc1  SWAP7
03dc2  PUSH1 0xa8
03dc4  SHR
03dc5  DUP1
03dc6  DUP2
03dc7  MUL
03dc8  PUSH8 0xffffffff00000001
03dd1  SWAP1
03dd2  DUP3
03dd3  MULMOD
03dd4  DUP1
03dd5  MUL
03dd6  PUSH8 0xffffffff00000001
03ddf  SWAP2
03de0  MULMOD
03de1  PUSH28 0xc3f532cbb1646a00000a106f5fe364b7541000003ec0d6cba48f678a   ; round 27 group 0 init
03dfe  PUSH1 0x0
03e00  MLOAD
03e01  DUP4
03e02  MUL
03e03  ADD
03e04  PUSH1 0x20
03e06  MLOAD
03e07  DUP10
03e08  MUL
03e09  ADD
03e0a  PUSH1 0x40
03e0c  MLOAD
03e0d  DUP3
03e0e  MUL
03e0f  ADD
03e10  PUSH1 0x60
03e12  MLOAD
03e13  DUP6
03e14  MUL
03e15  ADD
03e16  PUSH1 0x80
03e18  MLOAD
03e19  DUP9
03e1a  MUL
03e1b  ADD
03e1c  PUSH1 0xa0
03e1e  MLOAD
03e1f  DUP5
03e20  MUL
03e21  ADD
03e22  PUSH1 0xc0
03e24  MLOAD
03e25  DUP8
03e26  MUL
03e27  ADD
03e28  PUSH1 0xe0
03e2a  MLOAD
03e2b  DUP7
03e2c  MUL
03e2d  ADD
03e2e  SWAP8
03e2f  PUSH29 0x65374e21231f16930000038816bbd09d2519a00000da565313c84f189b   ; round 27 group 1 init
03e4d  PUSH2 0x100
03e50  MLOAD
03e51  DUP5
03e52  MUL
03e53  ADD
03e54  PUSH2 0x120
03e57  MLOAD
03e58  DUP3
03e59  MUL
03e5a  ADD
03e5b  PUSH2 0x140
03e5e  MLOAD
03e5f  DUP4
03e60  MUL
03e61  ADD
03e62  PUSH2 0x160
03e65  MLOAD
03e66  DUP7
03e67  MUL
03e68  ADD
03e69  PUSH2 0x180
03e6c  MLOAD
03e6d  DUP10
03e6e  MUL
03e6f  ADD
03e70  PUSH2 0x1a0
03e73  MLOAD
03e74  DUP6
03e75  MUL
03e76  ADD
03e77  PUSH2 0x1c0
03e7a  MLOAD
03e7b  DUP9
03e7c  MUL
03e7d  ADD
03e7e  PUSH2 0x1e0
03e81  MLOAD
03e82  DUP8
03e83  MUL
03e84  ADD
03e85  SWAP8
03e86  PUSH2 0x280
03e89  MLOAD
03e8a  MUL
03e8b  SWAP1
03e8c  PUSH2 0x220
03e8f  MLOAD
03e90  MUL
03e91  ADD
03e92  SWAP1
03e93  PUSH2 0x240
03e96  MLOAD
03e97  MUL
03e98  ADD
03e99  SWAP1
03e9a  PUSH2 0x200
03e9d  MLOAD
03e9e  MUL
03e9f  ADD
03ea0  SWAP1
03ea1  PUSH2 0x2a0
03ea4  MLOAD
03ea5  MUL
03ea6  ADD
03ea7  SWAP1
03ea8  PUSH2 0x260
03eab  MLOAD
03eac  MUL
03ead  ADD
03eae  SWAP1
03eaf  PUSH2 0x2e0
03eb2  MLOAD
03eb3  MUL
03eb4  ADD
03eb5  SWAP1
03eb6  PUSH2 0x2c0
03eb9  MLOAD
03eba  MUL
03ebb  ADD
03ebc  PUSH19 0x4bb82c677a801a5200000b9f69a5081233815   ; round 27 group 2 init
03ed0  ADD
03ed1  DUP1
03ed2  PUSH11 0xfffffffffffffffffffff
03ede  AND
03edf  DUP1
03ee0  DUP2
03ee1  MUL
03ee2  PUSH8 0xffffffff00000001
03eeb  SWAP1
03eec  DUP3
03eed  MULMOD
03eee  DUP1
03eef  MUL
03ef0  PUSH8 0xffffffff00000001
03ef9  SWAP2
03efa  MULMOD
03efb  SWAP1
03efc  PUSH1 0x54
03efe  SHR
03eff  DUP1
03f00  DUP2
03f01  MUL
03f02  PUSH8 0xffffffff00000001
03f0b  SWAP1
03f0c  DUP3
03f0d  MULMOD
03f0e  DUP1
03f0f  MUL
03f10  PUSH8 0xffffffff00000001
03f19  SWAP2
03f1a  MULMOD
03f1b  DUP3
03f1c  PUSH11 0xfffffffffffffffffffff
03f28  AND
03f29  DUP1
03f2a  DUP2
03f2b  MUL
03f2c  PUSH8 0xffffffff00000001
03f35  SWAP1
03f36  DUP3
03f37  MULMOD
03f38  DUP1
03f39  MUL
03f3a  PUSH8 0xffffffff00000001
03f43  SWAP2
03f44  MULMOD
03f45  DUP4
03f46  PUSH1 0x54
03f48  SHR
03f49  PUSH11 0xfffffffffffffffffffff
03f55  AND
03f56  DUP1
03f57  DUP2
03f58  MUL
03f59  PUSH8 0xffffffff00000001
03f62  SWAP1
03f63  DUP3
03f64  MULMOD
03f65  DUP1
03f66  MUL
03f67  PUSH8 0xffffffff00000001
03f70  SWAP2
03f71  MULMOD
03f72  SWAP4
03f73  PUSH1 0xa8
03f75  SHR
03f76  DUP1
03f77  DUP2
03f78  MUL
03f79  PUSH8 0xffffffff00000001
03f82  SWAP1
03f83  DUP3
03f84  MULMOD
03f85  DUP1
03f86  MUL
03f87  PUSH8 0xffffffff00000001
03f90  SWAP2
03f91  MULMOD
03f92  DUP6
03f93  PUSH11 0xfffffffffffffffffffff
03f9f  AND
03fa0  DUP1
03fa1  DUP2
03fa2  MUL
03fa3  PUSH8 0xffffffff00000001
03fac  SWAP1
03fad  DUP3
03fae  MULMOD
03faf  DUP1
03fb0  MUL
03fb1  PUSH8 0xffffffff00000001
03fba  SWAP2
03fbb  MULMOD
03fbc  DUP7
03fbd  PUSH1 0x54
03fbf  SHR
03fc0  PUSH11 0xfffffffffffffffffffff
03fcc  AND
03fcd  DUP1
03fce  DUP2
03fcf  MUL
03fd0  PUSH8 0xffffffff00000001
03fd9  SWAP1
03fda  DUP3
03fdb  MULMOD
03fdc  DUP1
03fdd  MUL
03fde  PUSH8 0xffffffff00000001
03fe7  SWAP2
03fe8  MULMOD
03fe9  SWAP7
03fea  PUSH1 0xa8
03fec  SHR
03fed  DUP1
03fee  DUP2
03fef  MUL
03ff0  PUSH8 0xffffffff00000001
03ff9  SWAP1
03ffa  DUP3
03ffb  MULMOD
03ffc  DUP1
03ffd  MUL
03ffe  PUSH8 0xffffffff00000001
04007  SWAP2
04008  MULMOD
04009  PUSH29 0x3c3ea6dc95549af70000056d892409716df65000006e86eec6d2b7cdde   ; round 28 group 0 init
04027  PUSH1 0x0
04029  MLOAD
0402a  DUP4
0402b  MUL
0402c  ADD
0402d  PUSH1 0x20
0402f  MLOAD
04030  DUP10
04031  MUL
04032  ADD
04033  PUSH1 0x40
04035  MLOAD
04036  DUP3
04037  MUL
04038  ADD
04039  PUSH1 0x60
0403b  MLOAD
0403c  DUP6
0403d  MUL
0403e  ADD
0403f  PUSH1 0x80
04041  MLOAD
04042  DUP9
04043  MUL
04044  ADD
04045  PUSH1 0xa0
04047  MLOAD
04048  DUP5
04049  MUL
0404a  ADD
0404b  PUSH1 0xc0
0404d  MLOAD
0404e  DUP8
0404f  MUL
04050  ADD
04051  PUSH1 0xe0
04053  MLOAD
04054  DUP7
04055  MUL
04056  ADD
04057  SWAP8
04058  PUSH29 0x451094a1e43eea8a000003c870d8fae69801f0000077a76866083abd8f   ; round 28 group 1 init
04076  PUSH2 0x100
04079  MLOAD
0407a  DUP5
0407b  MUL
0407c  ADD
0407d  PUSH2 0x120
04080  MLOAD
04081  DUP3
04082  MUL
04083  ADD
04084  PUSH2 0x140
04087  MLOAD
04088  DUP4
04089  MUL
0408a  ADD
0408b  PUSH2 0x160
0408e  MLOAD
0408f  DUP7
04090  MUL
04091  ADD
04092  PUSH2 0x180
04095  MLOAD
04096  DUP10
04097  MUL
04098  ADD
04099  PUSH2 0x1a0
0409c  MLOAD
0409d  DUP6
0409e  MUL
0409f  ADD
040a0  PUSH2 0x1c0
040a3  MLOAD
040a4  DUP9
040a5  MUL
040a6  ADD
040a7  PUSH2 0x1e0
040aa  MLOAD
040ab  DUP8
040ac  MUL
040ad  ADD
040ae  SWAP8
040af  PUSH2 0x280
040b2  MLOAD
040b3  MUL
040b4  SWAP1
040b5  PUSH2 0x220
040b8  MLOAD
040b9  MUL
040ba  ADD
040bb  SWAP1
040bc  PUSH2 0x240
040bf  MLOAD
040c0  MUL
040c1  ADD
040c2  SWAP1
040c3  PUSH2 0x200
040c6  MLOAD
040c7  MUL
040c8  ADD
040c9  SWAP1
040ca  PUSH2 0x2a0
040cd  MLOAD
040ce  MUL
040cf  ADD
040d0  SWAP1
040d1  PUSH2 0x260
040d4  MLOAD
040d5  MUL
040d6  ADD
040d7  SWAP1
040d8  PUSH2 0x2e0
040db  MLOAD
040dc  MUL
040dd  ADD
040de  SWAP1
040df  PUSH2 0x2c0
040e2  MLOAD
040e3  MUL
040e4  ADD
040e5  PUSH19 0x7f9ee7306a2273380000018025dca89d3fc8a   ; round 28 group 2 init
040f9  ADD
040fa  DUP1
040fb  PUSH11 0xfffffffffffffffffffff
04107  AND
04108  DUP1
04109  DUP2
0410a  MUL
0410b  PUSH8 0xffffffff00000001
04114  SWAP1
04115  DUP3
04116  MULMOD
04117  DUP1
04118  MUL
04119  PUSH8 0xffffffff00000001
04122  SWAP2
04123  MULMOD
04124  SWAP1
04125  PUSH1 0x54
04127  SHR
04128  DUP1
04129  DUP2
0412a  MUL
0412b  PUSH8 0xffffffff00000001
04134  SWAP1
04135  DUP3
04136  MULMOD
04137  DUP1
04138  MUL
04139  PUSH8 0xffffffff00000001
04142  SWAP2
04143  MULMOD
04144  DUP3
04145  PUSH11 0xfffffffffffffffffffff
04151  AND
04152  DUP1
04153  DUP2
04154  MUL
04155  PUSH8 0xffffffff00000001
0415e  SWAP1
0415f  DUP3
04160  MULMOD
04161  DUP1
04162  MUL
04163  PUSH8 0xffffffff00000001
0416c  SWAP2
0416d  MULMOD
0416e  DUP4
0416f  PUSH1 0x54
04171  SHR
04172  PUSH11 0xfffffffffffffffffffff
0417e  AND
0417f  DUP1
04180  DUP2
04181  MUL
04182  PUSH8 0xffffffff00000001
0418b  SWAP1
0418c  DUP3
0418d  MULMOD
0418e  DUP1
0418f  MUL
04190  PUSH8 0xffffffff00000001
04199  SWAP2
0419a  MULMOD
0419b  SWAP4
0419c  PUSH1 0xa8
0419e  SHR
0419f  DUP1
041a0  DUP2
041a1  MUL
041a2  PUSH8 0xffffffff00000001
041ab  SWAP1
041ac  DUP3
041ad  MULMOD
041ae  DUP1
041af  MUL
041b0  PUSH8 0xffffffff00000001
041b9  SWAP2
041ba  MULMOD
041bb  DUP6
041bc  PUSH11 0xfffffffffffffffffffff
041c8  AND
041c9  DUP1
041ca  DUP2
041cb  MUL
041cc  PUSH8 0xffffffff00000001
041d5  SWAP1
041d6  DUP3
041d7  MULMOD
041d8  DUP1
041d9  MUL
041da  PUSH8 0xffffffff00000001
041e3  SWAP2
041e4  MULMOD
041e5  DUP7
041e6  PUSH1 0x54
041e8  SHR
041e9  PUSH11 0xfffffffffffffffffffff
041f5  AND
041f6  DUP1
041f7  DUP2
041f8  MUL
041f9  PUSH8 0xffffffff00000001
04202  SWAP1
04203  DUP3
04204  MULMOD
04205  DUP1
04206  MUL
04207  PUSH8 0xffffffff00000001
04210  SWAP2
04211  MULMOD
04212  SWAP7
04213  PUSH1 0xa8
04215  SHR
04216  DUP1
04217  DUP2
04218  MUL
04219  PUSH8 0xffffffff00000001
04222  SWAP1
04223  DUP3
04224  MULMOD
04225  DUP1
04226  MUL
04227  PUSH8 0xffffffff00000001
04230  SWAP2
04231  MULMOD
04232  PUSH29 0x3ad818f78085d84a0000021c2eca8b2b3c26100000e3b2a995ed9f60ef   ; round 29 group 0 init
04250  PUSH1 0x0
04252  MLOAD
04253  DUP4
04254  MUL
04255  ADD
04256  PUSH1 0x20
04258  MLOAD
04259  DUP10
0425a  MUL
0425b  ADD
0425c  PUSH1 0x40
0425e  MLOAD
0425f  DUP3
04260  MUL
04261  ADD
04262  PUSH1 0x60
04264  MLOAD
04265  DUP6
04266  MUL
04267  ADD
04268  PUSH1 0x80
0426a  MLOAD
0426b  DUP9
0426c  MUL
0426d  ADD
0426e  PUSH1 0xa0
04270  MLOAD
04271  DUP5
04272  MUL
04273  ADD
04274  PUSH1 0xc0
04276  MLOAD
04277  DUP8
04278  MUL
04279  ADD
0427a  PUSH1 0xe0
0427c  MLOAD
0427d  DUP7
0427e  MUL
0427f  ADD
04280  SWAP8
04281  PUSH29 0xf5a8065a7662079a000008e32cd2b3823199c000006d817be3f95641f0   ; round 29 group 1 init
0429f  PUSH2 0x100
042a2  MLOAD
042a3  DUP5
042a4  MUL
042a5  ADD
042a6  PUSH2 0x120
042a9  MLOAD
042aa  DUP3
042ab  MUL
042ac  ADD
042ad  PUSH2 0x140
042b0  MLOAD
042b1  DUP4
042b2  MUL
042b3  ADD
042b4  PUSH2 0x160
042b7  MLOAD
042b8  DUP7
042b9  MUL
042ba  ADD
042bb  PUSH2 0x180
042be  MLOAD
042bf  DUP10
042c0  MUL
042c1  ADD
042c2  PUSH2 0x1a0
042c5  MLOAD
042c6  DUP6
042c7  MUL
042c8  ADD
042c9  PUSH2 0x1c0
042cc  MLOAD
042cd  DUP9
042ce  MUL
042cf  ADD
042d0  PUSH2 0x1e0
042d3  MLOAD
042d4  DUP8
042d5  MUL
042d6  ADD
042d7  SWAP8
042d8  PUSH2 0x280
042db  MLOAD
042dc  MUL
042dd  SWAP1
042de  PUSH2 0x220
042e1  MLOAD
042e2  MUL
042e3  ADD
042e4  SWAP1
042e5  PUSH2 0x240
042e8  MLOAD
042e9  MUL
042ea  ADD
042eb  SWAP1
042ec  PUSH2 0x200
042ef  MLOAD
042f0  MUL
042f1  ADD
042f2  SWAP1
042f3  PUSH2 0x2a0
042f6  MLOAD
042f7  MUL
042f8  ADD
042f9  SWAP1
042fa  PUSH2 0x260
042fd  MLOAD
042fe  MUL
042ff  ADD
04300  SWAP1
04301  PUSH2 0x2e0
04304  MLOAD
04305  MUL
04306  ADD
04307  SWAP1
04308  PUSH2 0x2c0
0430b  MLOAD
0430c  MUL
0430d  ADD
0430e  PUSH19 0x64cc62973d726eb20000011d3691e947ea9fb   ; round 29 group 2 init
04322  ADD
04323  DUP1
04324  PUSH11 0xfffffffffffffffffffff
04330  AND
04331  DUP1
04332  DUP2
04333  MUL
04334  PUSH8 0xffffffff00000001
0433d  SWAP1
0433e  DUP3
0433f  MULMOD
04340  DUP1
04341  MUL
04342  PUSH8 0xffffffff00000001
0434b  SWAP2
0434c  MULMOD
0434d  SWAP1
0434e  PUSH1 0x54
04350  SHR
04351  DUP1
04352  DUP2
04353  MUL
04354  PUSH8 0xffffffff00000001
0435d  SWAP1
0435e  DUP3
0435f  MULMOD
04360  DUP1
04361  MUL
04362  PUSH8 0xffffffff00000001
0436b  SWAP2
0436c  MULMOD
0436d  DUP3
0436e  PUSH11 0xfffffffffffffffffffff
0437a  AND
0437b  DUP1
0437c  DUP2
0437d  MUL
0437e  PUSH8 0xffffffff00000001
04387  SWAP1
04388  DUP3
04389  MULMOD
0438a  DUP1
0438b  MUL
0438c  PUSH8 0xffffffff00000001
04395  SWAP2
04396  MULMOD
04397  DUP4
04398  PUSH1 0x54
0439a  SHR
0439b  PUSH11 0xfffffffffffffffffffff
043a7  AND
043a8  DUP1
043a9  DUP2
043aa  MUL
043ab  PUSH8 0xffffffff00000001
043b4  SWAP1
043b5  DUP3
043b6  MULMOD
043b7  DUP1
043b8  MUL
043b9  PUSH8 0xffffffff00000001
043c2  SWAP2
043c3  MULMOD
043c4  SWAP4
043c5  PUSH1 0xa8
043c7  SHR
043c8  DUP1
043c9  DUP2
043ca  MUL
043cb  PUSH8 0xffffffff00000001
043d4  SWAP1
043d5  DUP3
043d6  MULMOD
043d7  DUP1
043d8  MUL
043d9  PUSH8 0xffffffff00000001
043e2  SWAP2
043e3  MULMOD
043e4  DUP6
043e5  PUSH11 0xfffffffffffffffffffff
043f1  AND
043f2  DUP1
043f3  DUP2
043f4  MUL
043f5  PUSH8 0xffffffff00000001
043fe  SWAP1
043ff  DUP3
04400  MULMOD
04401  DUP1
04402  MUL
04403  PUSH8 0xffffffff00000001
0440c  SWAP2
0440d  MULMOD
0440e  DUP7
0440f  PUSH1 0x54
04411  SHR
04412  PUSH11 0xfffffffffffffffffffff
0441e  AND
0441f  DUP1
04420  DUP2
04421  MUL
04422  PUSH8 0xffffffff00000001
0442b  SWAP1
0442c  DUP3
0442d  MULMOD
0442e  DUP1
0442f  MUL
04430  PUSH8 0xffffffff00000001
04439  SWAP2
0443a  MULMOD
0443b  SWAP7
0443c  PUSH1 0xa8
0443e  SHR
0443f  DUP1
04440  DUP2
04441  MUL
04442  PUSH8 0xffffffff00000001
0444b  SWAP1
0444c  DUP3
0444d  MULMOD
0444e  DUP1
0444f  MUL
04450  PUSH8 0xffffffff00000001
04459  SWAP2
0445a  MULMOD
0445b  PUSH29 0x9c90b0bf7760033a00000f917209b2d9609f8000009f5ac529e54f9b6e   ; round 30 group 0 init
04479  PUSH1 0x0
0447b  MLOAD
0447c  DUP4
0447d  MUL
0447e  ADD
0447f  PUSH1 0x20
04481  MLOAD
04482  DUP10
04483  MUL
04484  ADD
04485  PUSH1 0x40
04487  MLOAD
04488  DUP3
04489  MUL
0448a  ADD
0448b  PUSH1 0x60
0448d  MLOAD
0448e  DUP6
0448f  MUL
04490  ADD
04491  PUSH1 0x80
04493  MLOAD
04494  DUP9
04495  MUL
04496  ADD
04497  PUSH1 0xa0
04499  MLOAD
0449a  DUP5
0449b  MUL
0449c  ADD
0449d  PUSH1 0xc0
0449f  MLOAD
044a0  DUP8
044a1  MUL
044a2  ADD
044a3  PUSH1 0xe0
044a5  MLOAD
044a6  DUP7
044a7  MUL
044a8  ADD
044a9  SWAP8
044aa  PUSH29 0x6a1442eb644352de000004295919c84c74e98000003f516ed0a920d35f   ; round 30 group 1 init
044c8  PUSH2 0x100
044cb  MLOAD
044cc  DUP5
044cd  MUL
044ce  ADD
044cf  PUSH2 0x120
044d2  MLOAD
044d3  DUP3
044d4  MUL
044d5  ADD
044d6  PUSH2 0x140
044d9  MLOAD
044da  DUP4
044db  MUL
044dc  ADD
044dd  PUSH2 0x160
044e0  MLOAD
044e1  DUP7
044e2  MUL
044e3  ADD
044e4  PUSH2 0x180
044e7  MLOAD
044e8  DUP10
044e9  MUL
044ea  ADD
044eb  PUSH2 0x1a0
044ee  MLOAD
044ef  DUP6
044f0  MUL
044f1  ADD
044f2  PUSH2 0x1c0
044f5  MLOAD
044f6  DUP9
044f7  MUL
044f8  ADD
044f9  PUSH2 0x1e0
044fc  MLOAD
044fd  DUP8
044fe  MUL
044ff  ADD
04500  SWAP8
04501  PUSH2 0x280
04504  MLOAD
04505  MUL
04506  SWAP1
04507  PUSH2 0x220
0450a  MLOAD
0450b  MUL
0450c  ADD
0450d  SWAP1
0450e  PUSH2 0x240
04511  MLOAD
04512  MUL
04513  ADD
04514  SWAP1
04515  PUSH2 0x200
04518  MLOAD
04519  MUL
0451a  ADD
0451b  SWAP1
0451c  PUSH2 0x2a0
0451f  MLOAD
04520  MUL
04521  ADD
04522  SWAP1
04523  PUSH2 0x260
04526  MLOAD
04527  MUL
04528  ADD
04529  SWAP1
0452a  PUSH2 0x2e0
0452d  MLOAD
0452e  MUL
0452f  ADD
04530  SWAP1
04531  PUSH2 0x2c0
04534  MLOAD
04535  MUL
04536  ADD
04537  PUSH19 0x69cc0d36333c907600000194a343f0899fb73   ; round 30 group 2 init
0454b  ADD
0454c  SWAP2
0454d  SWAP3
0454e  SWAP1
0454f  SWAP2
04550  SWAP1
04551  JUMP
04552  JUMPDEST  ; COMPRESS_R:
04553  DUP1
04554  PUSH11 0xfffffffffffffffffffff
04560  AND
04561  DUP1
04562  DUP2
04563  MUL
04564  PUSH8 0xffffffff00000001
0456d  SWAP1
0456e  DUP3
0456f  MULMOD
04570  DUP1
04571  MUL
04572  PUSH8 0xffffffff00000001
0457b  SWAP2
0457c  MULMOD
0457d  SWAP1
0457e  PUSH1 0x54
04580  SHR
04581  DUP1
04582  DUP2
04583  MUL
04584  PUSH8 0xffffffff00000001
0458d  SWAP1
0458e  DUP3
0458f  MULMOD
04590  DUP1
04591  MUL
04592  PUSH8 0xffffffff00000001
0459b  SWAP2
0459c  MULMOD
0459d  DUP3
0459e  PUSH11 0xfffffffffffffffffffff
045aa  AND
045ab  DUP1
045ac  DUP2
045ad  MUL
045ae  PUSH8 0xffffffff00000001
045b7  SWAP1
045b8  DUP3
045b9  MULMOD
045ba  DUP1
045bb  MUL
045bc  PUSH8 0xffffffff00000001
045c5  SWAP2
045c6  MULMOD
045c7  DUP4
045c8  PUSH1 0x54
045ca  SHR
045cb  PUSH11 0xfffffffffffffffffffff
045d7  AND
045d8  DUP1
045d9  DUP2
045da  MUL
045db  PUSH8 0xffffffff00000001
045e4  SWAP1
045e5  DUP3
045e6  MULMOD
045e7  DUP1
045e8  MUL
045e9  PUSH8 0xffffffff00000001
045f2  SWAP2
045f3  MULMOD
045f4  SWAP4
045f5  PUSH1 0xa8
045f7  SHR
045f8  DUP1
045f9  DUP2
045fa  MUL
045fb  PUSH8 0xffffffff00000001
04604  SWAP1
04605  DUP3
04606  MULMOD
04607  DUP1
04608  MUL
04609  PUSH8 0xffffffff00000001
04612  SWAP2
04613  MULMOD
04614  DUP6
04615  PUSH11 0xfffffffffffffffffffff
04621  AND
04622  DUP1
04623  DUP2
04624  MUL
04625  PUSH8 0xffffffff00000001
0462e  SWAP1
0462f  DUP3
04630  MULMOD
04631  DUP1
04632  MUL
04633  PUSH8 0xffffffff00000001
0463c  SWAP2
0463d  MULMOD
0463e  DUP7
0463f  PUSH1 0x54
04641  SHR
04642  PUSH11 0xfffffffffffffffffffff
0464e  AND
0464f  DUP1
04650  DUP2
04651  MUL
04652  PUSH8 0xffffffff00000001
0465b  SWAP1
0465c  DUP3
0465d  MULMOD
0465e  DUP1
0465f  MUL
04660  PUSH8 0xffffffff00000001
04669  SWAP2
0466a  MULMOD
0466b  SWAP7
0466c  PUSH1 0xa8
0466e  SHR
0466f  DUP1
04670  DUP2
04671  MUL
04672  PUSH8 0xffffffff00000001
0467b  SWAP1
0467c  DUP3
0467d  MULMOD
0467e  DUP1
0467f  MUL
04680  PUSH8 0xffffffff00000001
04689  SWAP2
0468a  MULMOD
0468b  PUSH29 0x59c7fa26c45285eb00000ce4c077cd317198c000006f71059a75373517   ; round 31 group 0 init
046a9  PUSH1 0x0
046ab  MLOAD
046ac  DUP4
046ad  MUL
046ae  ADD
046af  PUSH1 0x20
046b1  MLOAD
046b2  DUP10
046b3  MUL
046b4  ADD
046b5  PUSH1 0x40
046b7  MLOAD
046b8  DUP3
046b9  MUL
046ba  ADD
046bb  PUSH1 0x60
046bd  MLOAD
046be  DUP6
046bf  MUL
046c0  ADD
046c1  PUSH1 0x80
046c3  MLOAD
046c4  DUP9
046c5  MUL
046c6  ADD
046c7  PUSH1 0xa0
046c9  MLOAD
046ca  DUP5
046cb  MUL
046cc  ADD
046cd  PUSH1 0xc0
046cf  MLOAD
046d0  DUP8
046d1  MUL
046d2  ADD
046d3  PUSH1 0xe0
046d5  MLOAD
046d6  DUP7
046d7  MUL
046d8  ADD
046d9  SWAP8
046da  PUSH2 0x120
046dd  MLOAD
046de  MUL
046df  SWAP1
046e0  PUSH2 0x140
046e3  MLOAD
046e4  MUL
046e5  ADD
046e6  SWAP1
046e7  PUSH2 0x100
046ea  MLOAD
046eb  MUL
046ec  ADD
046ed  SWAP1
046ee  PUSH2 0x1a0
046f1  MLOAD
046f2  MUL
046f3  ADD
046f4  SWAP1
046f5  PUSH2 0x160
046f8  MLOAD
046f9  MUL
046fa  ADD
046fb  SWAP1
046fc  PUSH2 0x1e0
046ff  MLOAD
04700  MUL
04701  ADD
04702  SWAP1
04703  PUSH2 0x1c0
04706  MLOAD
04707  MUL
04708  ADD
04709  SWAP1
0470a  PUSH2 0x180
0470d  MLOAD
0470e  MUL
0470f  ADD
04710  PUSH29 0x3900b1504d5de19c000005eac8714d5123ef300000a1a45ab0bf97e47b   ; round 31 group 1 init
0472e  ADD
0472f  DUP2
04730  PUSH11 0xfffffffffffffffffffff
0473c  AND
0473d  PUSH8 0xffffffff00000001
04746  SWAP1
04747  PUSH8 0x799b4a2578f106bb
04750  MULMOD
04751  DUP3
04752  PUSH1 0x54
04754  SHR
04755  PUSH11 0xfffffffffffffffffffff
04761  AND
04762  PUSH8 0xffffffff00000001
0476b  SWAP1
0476c  PUSH8 0x799b4a2578f106bb
04775  MULMOD
04776  SWAP3
04777  PUSH1 0xa8
04779  SHR
0477a  PUSH8 0xffffffff00000001
04783  SWAP1
04784  PUSH8 0x799b4a2578f106bb
0478d  MULMOD
0478e  SWAP2
0478f  PUSH11 0xfffffffffffffffffffff
0479b  AND
0479c  PUSH8 0xffffffff00000001
047a5  SWAP1
047a6  PUSH8 0x799b4a2578f106bb
047af  MULMOD
047b0  SWAP1
047b1  SWAP3
047b2  SWAP2
047b3  SWAP1
047b4  SWAP3
047b5  SWAP4
047b6  SWAP2
047b7  SWAP3
047b8  SWAP1
047b9  SWAP2
047ba  SWAP1
047bb  SWAP1
047bc  JUMP
047bd  ; ---- CONSTS ----
047bd  DATA 768 bytes   ; packed M' columns: 3 groups x 8 columns
04abd  ; ---- RUNTIME_END ----
04abd  DATA 32 bytes   ; jumpdest-analysis padding
04add  JUMPDEST  ; CTOR:
04ade  CALLVALUE
04adf  PUSH2 REV (40)
04ae2  JUMPI
04ae3  PUSH2 0x300   ; constant table
04ae6  PUSH2 CONSTS (18365)
04ae9  PUSH1 0x0
04aeb  CODECOPY
04aec  PUSH2 K1 (19206)
04aef  PUSH2 COMPRESS_R (17746)
04af2  PUSH1 0x1
04af4  PUSH1 0x2
04af6  PUSH1 0x3
04af8  PUSH1 0x4
04afa  PUSH1 0x5
04afc  PUSH1 0x6
04afe  PUSH1 0x7
04b00  PUSH1 0x8
04b02  PUSH2 PERM31 (684)
04b05  JUMP
04b06  JUMPDEST  ; K1:
04b07  PUSH1 0xc0
04b09  SHL
04b0a  SWAP1
04b0b  PUSH1 0x80
04b0d  SHL
04b0e  OR
04b0f  SWAP1
04b10  PUSH1 0x40
04b12  SHL
04b13  OR
04b14  OR
04b15  PUSH32 0xfdd5b4a1c85ca8f5c1e8e0ea4c256f3370e4a1d4612d16110e2f309b11a9f228
04b36  EQ
04b37  ISZERO
04b38  PUSH2 E_KAT (19485)
04b3b  JUMPI
04b3c  PUSH2 K2 (19283)
04b3f  PUSH1 0x9
04b41  PUSH1 0xa
04b43  PUSH1 0xb
04b45  PUSH1 0xc
04b47  PUSH1 0x0
04b49  PUSH1 0x0
04b4b  PUSH1 0x0
04b4d  PUSH1 0x0
04b4f  PUSH2 PERM31 (684)
04b52  JUMP
04b53  JUMPDEST  ; K2:
04b54  POP
04b55  DUP2
04b56  PUSH11 0xfffffffffffffffffffff
04b62  AND
04b63  PUSH8 0xffffffff00000001
04b6c  SWAP1
04b6d  PUSH8 0x22f9bb60fc568e0
04b76  MULMOD
04b77  DUP3
04b78  PUSH1 0x54
04b7a  SHR
04b7b  PUSH11 0xfffffffffffffffffffff
04b87  AND
04b88  PUSH8 0xffffffff00000001
04b91  SWAP1
04b92  PUSH8 0x22f9bb60fc568e0
04b9b  MULMOD
04b9c  SWAP3
04b9d  PUSH1 0xa8
04b9f  SHR
04ba0  PUSH8 0xffffffff00000001
04ba9  SWAP1
04baa  PUSH8 0x22f9bb60fc568e0
04bb3  MULMOD
04bb4  SWAP2
04bb5  PUSH11 0xfffffffffffffffffffff
04bc1  AND
04bc2  PUSH8 0xffffffff00000001
04bcb  SWAP1
04bcc  PUSH8 0x22f9bb60fc568e0
04bd5  MULMOD
04bd6  SWAP1
04bd7  SWAP3
04bd8  SWAP2
04bd9  SWAP1
04bda  PUSH1 0xc0
04bdc  SHL
04bdd  SWAP1
04bde  PUSH1 0x80
04be0  SHL
04be1  OR
04be2  SWAP1
04be3  PUSH1 0x40
04be5  SHL
04be6  OR
04be7  OR
04be8  PUSH32 0xf849a936c7df38414f62ae0682bf321721cf7bbdeebd58ea66454e198e1722e5
04c09  EQ
04c0a  ISZERO
04c0b  PUSH2 E_KAT (19485)
04c0e  JUMPI
04c0f  PUSH2 RUNTIME_END (19133)
04c12  PUSH1 0x0
04c14  PUSH1 0x0
04c16  CODECOPY
04c17  PUSH2 RUNTIME_END (19133)
04c1a  PUSH1 0x0
04c1c  RETURN
04c1d  JUMPDEST  ; E_KAT:
04c1e  PUSH4 0x46d87a89
04c23  PUSH1 0xe0
04c25  SHL
04c26  PUSH1 0x0
04c28  MSTORE
04c29  PUSH1 0x4
04c2b  PUSH1 0x0
04c2d  REVERT
